[
{"organisatietype": "Wonen voor mensen met een beperking", "naam": "ZP Stadskanaal", "url": "https://www.zorgkaartnederland.nl/zorginstelling/wonen-voor-mensen-met-een-beperking-zp-stadskanaal-stadskanaal-10027451"},
{"organisatietype": "Wonen voor mensen met een beperking", "naam": "Zuidwester, wonen Boezemkade", "url": "https://www.zorgkaartnederland.nl/zorginstelling/wonen-voor-mensen-met-een-beperking-zuidwester-wonen-boezemkade-rotterdam-10021460"},
{"organisatietype": "Wonen voor mensen met een beperking", "naam": "Zuidwester, woonlocatie Kloosring", "url": "https://www.zorgkaartnederland.nl/zorginstelling/wonen-voor-mensen-met-een-beperking-zuidwester-woonlocatie-kloosring-oud-beijerland-10013494"},
{"organisatietype": "Wonen voor mensen met een beperking", "naam": "Zuniek", "url": "https://www.zorgkaartnederland.nl/zorginstelling/wonen-voor-mensen-met-een-beperking-zuniek-zeist-10082275"},
{"organisatietype": "Wonen voor mensen met een beperking", "naam": "Zuniek, locatie Amersfoort", "url": "https://www.zorgkaartnederland.nl/zorginstelling/wonen-voor-mensen-met-een-beperking-zuniek-locatie-amersfoort-amersfoort-10082276"},
{"organisatietype": "Wonen voor mensen met een beperking", "naam": "Zuniek, locatie Utrecht", "url": "https://www.zorgkaartnederland.nl/zorginstelling/wonen-voor-mensen-met-een-beperking-zuniek-locatie-utrecht-utrecht-10083093"},
{"organisatietype": "Wonen voor mensen met een beperking", "naam": "Zuniek, locatie Zeist", "url": "https://www.zorgkaartnederland.nl/zorginstelling/wonen-voor-mensen-met-een-beperking-zuniek-locatie-zeist-zeist-10083092"},
{"organisatietype": "Ziekenhuis en kliniek", "naam": "Topaz360", "url": "https://www.zorgkaartnederland.nl/zorginstelling/overige-kliniek-topaz360-leiden-10017730"},
{"organisatietype": "Ziekenhuis en kliniek", "naam": "Touchfit", "url": "https://www.zorgkaartnederland.nl/zorginstelling/sportmedisch-centrum-touchfit-vlaardingen-10006031"},
{"organisatietype": "Ziekenhuis en kliniek", "naam": "Tour of Beauty", "url": "https://www.zorgkaartnederland.nl/zorginstelling/overige-kliniek-tour-of-beauty-den-haag-3039066"},
{"organisatietype": "Ziekenhuis en kliniek", "naam": "Twents Oogpunt, Oogheelkundig Medisch Centrum Twente", "url": "https://www.zorgkaartnederland.nl/zorginstelling/oogkliniek-twents-oogpunt-oogheelkundig-medisch-centrum-twente-hengelo-3049291"},
{"organisatietype": "Ziekenhuis en kliniek", "naam": "UCEC Groningen - Universitair Centrum Esthetische Chirurgie", "url": "https://www.zorgkaartnederland.nl/zorginstelling/esthetisch-medisch-centrum-ucec-groningen-universitair-centrum-esthetische-chirurgie-groningen-3036696"},
{"organisatietype": "Ziekenhuis en kliniek", "naam": "Upp clinics", "url": "https://www.zorgkaartnederland.nl/zorginstelling/esthetisch-medisch-centrum-upp-clinics-heerhugowaard-10027445"},
{"organisatietype": "Ziekenhuis en kliniek", "naam": "Urologie Kliniek Groningen", "url": "https://www.zorgkaartnederland.nl/zorginstelling/overige-kliniek-urologie-kliniek-groningen-groningen-10082186"},
{"organisatietype": "Ziekenhuis en kliniek", "naam": "Van Lennep Kliniek, locatie Den Haag, Frederikstraat", "url": "https://www.zorgkaartnederland.nl/zorginstelling/esthetisch-medisch-centrum-van-lennep-kliniek-locatie-den-haag-frederikstraat-den-haag-3038905"},
{"organisatietype": "Ziekenhuis en kliniek", "naam": "Van Lennep Kliniek, locatie Oegstgeest", "url": "https://www.zorgkaartnederland.nl/zorginstelling/esthetisch-medisch-centrum-van-lennep-kliniek-locatie-oegstgeest-oegstgeest-3051308"},
{"organisatietype": "Ziekenhuis en kliniek", "naam": "Van Lennep Kliniek, locatie Wassenaar", "url": "https://www.zorgkaartnederland.nl/zorginstelling/esthetisch-medisch-centrum-van-lennep-kliniek-locatie-wassenaar-wassenaar-10015531"},
{"organisatietype": "Ziekenhuis en kliniek", "naam": "Van Rosmalen Kliniek, locatie Nijmegen", "url": "https://www.zorgkaartnederland.nl/zorginstelling/esthetisch-medisch-centrum-van-rosmalen-kliniek-locatie-nijmegen-nijmegen-10007847"},
{"organisatietype": "Ziekenhuis en kliniek", "naam": "Van Rosmalen Kliniek, locatie Rotterdam", "url": "https://www.zorgkaartnederland.nl/zorginstelling/esthetisch-medisch-centrum-van-rosmalen-kliniek-locatie-rotterdam-rotterdam-10007846"},
{"organisatietype": "Ziekenhuis en kliniek", "naam": "Velthuis Kliniek Den Haag", "url": "https://www.zorgkaartnederland.nl/zorginstelling/esthetisch-medisch-centrum-velthuis-kliniek-den-haag-den-haag-3060984"},
{"organisatietype": "Ziekenhuis en kliniek", "naam": "Velthuis Kliniek Eindhoven", "url": "https://www.zorgkaartnederland.nl/zorginstelling/esthetisch-medisch-centrum-velthuis-kliniek-eindhoven-eindhoven-103243"},
{"organisatietype": "Ziekenhuis en kliniek", "naam": "Velthuis Kliniek Haarlem", "url": "https://www.zorgkaartnederland.nl/zorginstelling/esthetisch-medisch-centrum-velthuis-kliniek-haarlem-haarlem-3061269"},
{"organisatietype": "Ziekenhuis en kliniek", "naam": "VieCuri, Regiopoli Horst", "url": "https://www.zorgkaartnederland.nl/zorginstelling/ziekenhuis-viecuri-regiopoli-horst-horst-10019144"},
{"organisatietype": "Ziekenhuis en kliniek", "naam": "Vijf Meren Kliniek, locatie Aalsmeer", "url": "https://www.zorgkaartnederland.nl/zorginstelling/overige-kliniek-vijf-meren-kliniek-locatie-aalsmeer-aalsmeer-3059592"},
{"organisatietype": "Ziekenhuis en kliniek", "naam": "Vijf Meren Kliniek, locatie Amsterdam", "url": "https://www.zorgkaartnederland.nl/zorginstelling/overige-kliniek-vijf-meren-kliniek-locatie-amsterdam-amsterdam-10019632"},
{"organisatietype": "Ziekenhuis en kliniek", "naam": "Vijf Meren Kliniek, locatie Haarlem-Noord", "url": "https://www.zorgkaartnederland.nl/zorginstelling/overige-kliniek-vijf-meren-kliniek-locatie-haarlem-noord-haarlem-3059588"},
{"organisatietype": "Ziekenhuis en kliniek", "naam": "Vijf Meren Kliniek, locatie Haarlem-Zuid", "url": "https://www.zorgkaartnederland.nl/zorginstelling/overige-kliniek-vijf-meren-kliniek-locatie-haarlem-zuid-haarlem-3059589"},
{"organisatietype": "Centrum voor orthopedie en beweging", "naam": "Bergman Clinics | Bewegen | Arnhem", "url": "https://www.zorgkaartnederland.nl/zorginstelling/centrum-voor-orthopedie-en-beweging-bergman-clinics-bewegen-arnhem-arnhem-143438"},
{"organisatietype": "Centrum voor orthopedie en beweging", "naam": "Bergman Clinics | Bewegen | Rotterdam - Capelle", "url": "https://www.zorgkaartnederland.nl/zorginstelling/centrum-voor-orthopedie-en-beweging-bergman-clinics-bewegen-rotterdam-capelle-capelle-aan-den-ijssel-225801"},
{"organisatietype": "Centrum voor orthopedie en beweging", "naam": "Bergman Clinics | Bewegen | Naarden", "url": "https://www.zorgkaartnederland.nl/zorginstelling/centrum-voor-orthopedie-en-beweging-bergman-clinics-bewegen-naarden-naarden-3035293"},
{"organisatietype": "Centrum voor orthopedie en beweging", "naam": "Kliniek Lange VoorhouT", "url": "https://www.zorgkaartnederland.nl/zorginstelling/centrum-voor-orthopedie-en-beweging-kliniek-lange-voorhout-rijswijk-219464"},
{"organisatietype": "Centrum voor orthopedie en beweging", "naam": "Bergman Clinics | Bewegen | Amsterdam | Keienbergweg", "url": "https://www.zorgkaartnederland.nl/zorginstelling/centrum-voor-orthopedie-en-beweging-bergman-clinics-bewegen-amsterdam-keienbergweg-amsterdam-10007704"},
{"organisatietype": "Centrum voor orthopedie en beweging", "naam": "Artrose Instituut Nederland", "url": "https://www.zorgkaartnederland.nl/zorginstelling/centrum-voor-orthopedie-en-beweging-artrose-instituut-nederland-zeist-10021683"},
{"organisatietype": "Centrum voor orthopedie en beweging", "naam": "Artrose Instituut Nederland, locatie Zeist", "url": "https://www.zorgkaartnederland.nl/zorginstelling/centrum-voor-orthopedie-en-beweging-artrose-instituut-nederland-locatie-zeist-zeist-10016454"},
{"organisatietype": "Centrum voor orthopedie en beweging", "naam": "Rugpoli Veluwe", "url": "https://www.zorgkaartnederland.nl/zorginstelling/centrum-voor-orthopedie-en-beweging-rugpoli-veluwe-velp-3021419"},
{"organisatietype": "Centrum voor orthopedie en beweging", "naam": "Rugpoli Randstad", "url": "https://www.zorgkaartnederland.nl/zorginstelling/centrum-voor-orthopedie-en-beweging-rugpoli-randstad-hoofddorp-10002897"},
{"organisatietype": "Centrum voor orthopedie en beweging", "naam": "Stichting Rugpoli", "url": "https://www.zorgkaartnederland.nl/zorginstelling/centrum-voor-orthopedie-en-beweging-stichting-rugpoli-delden-10019143"},
{"organisatietype": "Centrum voor orthopedie en beweging", "naam": "Rugpoli Brabant", "url": "https://www.zorgkaartnederland.nl/zorginstelling/centrum-voor-orthopedie-en-beweging-rugpoli-brabant-tilburg-3041835"},
{"organisatietype": "Centrum voor orthopedie en beweging", "naam": "Rugpoli Twente", "url": "https://www.zorgkaartnederland.nl/zorginstelling/centrum-voor-orthopedie-en-beweging-rugpoli-twente-delden-3006379"},
{"organisatietype": "Centrum voor orthopedie en beweging", "naam": "Rugpoli Hofstad", "url": "https://www.zorgkaartnederland.nl/zorginstelling/centrum-voor-orthopedie-en-beweging-rugpoli-hofstad-den-haag-10019142"},
{"organisatietype": "Centrum voor orthopedie en beweging", "naam": "Medisch Centrum voor Staturele Aandoeningen", "url": "https://www.zorgkaartnederland.nl/zorginstelling/centrum-voor-orthopedie-en-beweging-medisch-centrum-voor-staturele-aandoeningen-rotterdam-3027146"},
{"organisatietype": "Centrum voor orthopedie en beweging", "naam": "Van den Eeden Hip Clinic, flexibele spreekuur locatie", "url": "https://www.zorgkaartnederland.nl/zorginstelling/centrum-voor-orthopedie-en-beweging-van-den-eeden-hip-clinic-flexibele-spreekuur-locatie-katwijk-3063731"},
{"organisatietype": "Centrum voor orthopedie en beweging", "naam": "Echozorg A'dam-Zuid", "url": "https://www.zorgkaartnederland.nl/zorginstelling/centrum-voor-orthopedie-en-beweging-echozorg-a-dam-zuid-amsterdam-10083203"},
{"organisatietype": "Centrum voor orthopedie en beweging", "naam": "Optimus Orthopedie", "url": "https://www.zorgkaartnederland.nl/zorginstelling/centrum-voor-orthopedie-en-beweging-optimus-orthopedie-berg-en-terblijt-10083924"},
{"organisatietype": "Centrum voor orthopedie en beweging", "naam": "Ortus.nu Kliniek voor Orthopedie en Echografie, locatie Veghel", "url": "https://www.zorgkaartnederland.nl/zorginstelling/centrum-voor-orthopedie-en-beweging-ortus-nu-kliniek-voor-orthopedie-en-echografie-locatie-veghel-veghel-10020639"},
{"organisatietype": "Centrum voor orthopedie en beweging", "naam": "OCON Sportmedische kliniek", "url": "https://www.zorgkaartnederland.nl/zorginstelling/centrum-voor-orthopedie-en-beweging-ocon-sportmedische-kliniek-hengelo-10081552"},
{"organisatietype": "Centrum voor orthopedie en beweging", "naam": "Echozorg Heerhugowaard", "url": "https://www.zorgkaartnederland.nl/zorginstelling/centrum-voor-orthopedie-en-beweging-echozorg-heerhugowaard-heerhugowaard-10083198"},
{"organisatietype": "Centrum voor eetstoornissen", "naam": "BalanZ, Centrum voor eetstoornissen Twente", "url": "https://www.zorgkaartnederland.nl/zorginstelling/centrum-voor-eetstoornissen-balanz-centrum-voor-eetstoornissen-twente-enschede-10017005"},
{"organisatietype": "Centrum voor eetstoornissen", "naam": "Emergis, eetstoornissen", "url": "https://www.zorgkaartnederland.nl/zorginstelling/centrum-voor-eetstoornissen-emergis-eetstoornissen-goes-10016429"},
{"organisatietype": "Dermatologisch centrum", "naam": "KliniekTwente", "url": "https://www.zorgkaartnederland.nl/zorginstelling/dermatologisch-centrum-kliniektwente-oldenzaal-10009661"},
{"organisatietype": "Dermatologisch centrum", "naam": "Ceulen Klinieken, locatie Helmond", "url": "https://www.zorgkaartnederland.nl/zorginstelling/dermatologisch-centrum-ceulen-klinieken-locatie-helmond-helmond-3059978"},
{"organisatietype": "Dermatologisch centrum", "naam": "Dr. Brinkmann kliniek, locatie Nieuwegein", "url": "https://www.zorgkaartnederland.nl/zorginstelling/dermatologisch-centrum-dr-brinkmann-kliniek-locatie-nieuwegein-nieuwegein-3021959"},
{"organisatietype": "Dermatologisch centrum", "naam": "Centrum Oosterwal, locatie Heemstede", "url": "https://www.zorgkaartnederland.nl/zorginstelling/dermatologisch-centrum-centrum-oosterwal-locatie-heemstede-heemstede-10004066"},
{"organisatietype": "Dermatologisch centrum", "naam": "Dr. Brinkmann Kliniek", "url": "https://www.zorgkaartnederland.nl/zorginstelling/dermatologisch-centrum-dr-brinkmann-kliniek-nieuwegein-10011286"},
{"organisatietype": "Dermatologisch centrum", "naam": "Huid Medisch Centrum, locatie Linnaeushof", "url": "https://www.zorgkaartnederland.nl/zorginstelling/dermatologisch-centrum-huid-medisch-centrum-locatie-linnaeushof-amsterdam-10012293"},
{"organisatietype": "Dermatologisch centrum", "naam": "Centrum Oosterwal, huid- en spataderspecialisten", "url": "https://www.zorgkaartnederland.nl/zorginstelling/dermatologisch-centrum-centrum-oosterwal-huid-en-spataderspecialisten-alkmaar-3061145"},
{"organisatietype": "Dermatologisch centrum", "naam": "Centrum Oosterwal, locatie Alkmaar", "url": "https://www.zorgkaartnederland.nl/zorginstelling/dermatologisch-centrum-centrum-oosterwal-locatie-alkmaar-alkmaar-102020"},
{"organisatietype": "Dermatologisch centrum", "naam": "Huid Medisch Centrum", "url": "https://www.zorgkaartnederland.nl/zorginstelling/dermatologisch-centrum-huid-medisch-centrum-amsterdam-10012292"},
{"organisatietype": "Dermatologisch centrum", "naam": "Centrum Oosterwal, locatie Heerhugowaard", "url": "https://www.zorgkaartnederland.nl/zorginstelling/dermatologisch-centrum-centrum-oosterwal-locatie-heerhugowaard-heerhugowaard-3061146"},
{"organisatietype": "Dermatologisch centrum", "naam": "Kliniek Mosaderma", "url": "https://www.zorgkaartnederland.nl/zorginstelling/dermatologisch-centrum-kliniek-mosaderma-hoensbroek-3034490"},
{"organisatietype": "Dermatologisch centrum", "naam": "Huid Medisch Centrum, locatie Paasheuvelweg", "url": "https://www.zorgkaartnederland.nl/zorginstelling/dermatologisch-centrum-huid-medisch-centrum-locatie-paasheuvelweg-amsterdam-10002664"},
{"organisatietype": "Dermatologisch centrum", "naam": "Ceulen Klinieken, locatie Amersfoort", "url": "https://www.zorgkaartnederland.nl/zorginstelling/dermatologisch-centrum-ceulen-klinieken-locatie-amersfoort-amersfoort-3038938"},
{"organisatietype": "Dermatologisch centrum", "naam": "Mauritskliniek Nijmegen", "url": "https://www.zorgkaartnederland.nl/zorginstelling/dermatologisch-centrum-mauritskliniek-nijmegen-nijmegen-142408"},
{"organisatietype": "Dermatologisch centrum", "naam": "Bergman Clinics | Huid & Vaten | Den Bosch", "url": "https://www.zorgkaartnederland.nl/zorginstelling/dermatologisch-centrum-bergman-clinics-huid-vaten-den-bosch-s-hertogenbosch-10021845"},
{"organisatietype": "Dermatologisch centrum", "naam": "Huid Medisch Centrum, locatie Reguliersgracht", "url": "https://www.zorgkaartnederland.nl/zorginstelling/dermatologisch-centrum-huid-medisch-centrum-locatie-reguliersgracht-amsterdam-10012294"},
{"organisatietype": "Dermatologisch centrum", "naam": "Bergman Clinics | Huid & Vaten | Doetinchem", "url": "https://www.zorgkaartnederland.nl/zorginstelling/dermatologisch-centrum-bergman-clinics-huid-vaten-doetinchem-doetinchem-3043526"},
{"organisatietype": "Dermatologisch centrum", "naam": "Ceulen Klinieken", "url": "https://www.zorgkaartnederland.nl/zorginstelling/dermatologisch-centrum-ceulen-klinieken-helmond-10005446"},
{"organisatietype": "Dermatologisch centrum", "naam": "Bergman Clinics | Huid & Vaten | Ede", "url": "https://www.zorgkaartnederland.nl/zorginstelling/dermatologisch-centrum-bergman-clinics-huid-vaten-ede-ede-10009233"},
{"organisatietype": "Dermatologisch centrum", "naam": "ZBC Multicare, Kliniek voor Dermatologie", "url": "https://www.zorgkaartnederland.nl/zorginstelling/dermatologisch-centrum-zbc-multicare-kliniek-voor-dermatologie-hilversum-225074"},
{"organisatietype": "Esthetisch-medisch centrum", "naam": "Natuurlijk Jong", "url": "https://www.zorgkaartnederland.nl/zorginstelling/esthetisch-medisch-centrum-natuurlijk-jong-hoorn-10007812"},
{"organisatietype": "Esthetisch-medisch centrum", "naam": "Bey by Bergman Clinics, locatie Utrecht", "url": "https://www.zorgkaartnederland.nl/zorginstelling/esthetisch-medisch-centrum-bey-by-bergman-clinics-locatie-utrecht-utrecht-10006307"},
{"organisatietype": "Esthetisch-medisch centrum", "naam": "Elzen Kliniek", "url": "https://www.zorgkaartnederland.nl/zorginstelling/esthetisch-medisch-centrum-elzen-kliniek-naarden-252050"},
{"organisatietype": "Esthetisch-medisch centrum", "naam": "Boerhaave Utrecht", "url": "https://www.zorgkaartnederland.nl/zorginstelling/esthetisch-medisch-centrum-boerhaave-utrecht-utrecht-10025098"},
{"organisatietype": "Esthetisch-medisch centrum", "naam": "Bey by Bergman Clinics, locatie Hilversum", "url": "https://www.zorgkaartnederland.nl/zorginstelling/esthetisch-medisch-centrum-bey-by-bergman-clinics-locatie-hilversum-hilversum-228314"},
{"organisatietype": "Esthetisch-medisch centrum", "naam": "Bey by Bergman Clinics, locatie Zwolle", "url": "https://www.zorgkaartnederland.nl/zorginstelling/esthetisch-medisch-centrum-bey-by-bergman-clinics-locatie-zwolle-zwolle-3049851"},
{"organisatietype": "Esthetisch-medisch centrum", "naam": "Eyelift.nl", "url": "https://www.zorgkaartnederland.nl/zorginstelling/esthetisch-medisch-centrum-eyelift-nl-papendrecht-10012091"},
{"organisatietype": "Esthetisch-medisch centrum", "naam": "Bey by Bergman Clinics", "url": "https://www.zorgkaartnederland.nl/zorginstelling/esthetisch-medisch-centrum-bey-by-bergman-clinics-naarden-10021672"},
{"organisatietype": "Esthetisch-medisch centrum", "naam": "Boerhaave Medisch Centrum", "url": "https://www.zorgkaartnederland.nl/zorginstelling/esthetisch-medisch-centrum-boerhaave-medisch-centrum-amsterdam-10025097"},
{"organisatietype": "Esthetisch-medisch centrum", "naam": "Boerhaave Amsterdam", "url": "https://www.zorgkaartnederland.nl/zorginstelling/esthetisch-medisch-centrum-boerhaave-amsterdam-amsterdam-101617"},
{"organisatietype": "Esthetisch-medisch centrum", "naam": "ABC Clinic", "url": "https://www.zorgkaartnederland.nl/zorginstelling/esthetisch-medisch-centrum-abc-clinic-breda-3037204"},
{"organisatietype": "Esthetisch-medisch centrum", "naam": "CosMed Kliniek", "url": "https://www.zorgkaartnederland.nl/zorginstelling/esthetisch-medisch-centrum-cosmed-kliniek-bosch-en-duin-10004234"},
{"organisatietype": "Esthetisch-medisch centrum", "naam": "CosMed Kliniek Bosch en Duin", "url": "https://www.zorgkaartnederland.nl/zorginstelling/esthetisch-medisch-centrum-cosmed-kliniek-bosch-en-duin-bosch-en-duin-102679"},
{"organisatietype": "Esthetisch-medisch centrum", "naam": "Bey by Bergman Clinics, locatie Amsterdam", "url": "https://www.zorgkaartnederland.nl/zorginstelling/esthetisch-medisch-centrum-bey-by-bergman-clinics-locatie-amsterdam-amsterdam-3031638"},
{"organisatietype": "Esthetisch-medisch centrum", "naam": "Bey by Bergman Clinics, locatie Den Haag", "url": "https://www.zorgkaartnederland.nl/zorginstelling/esthetisch-medisch-centrum-bey-by-bergman-clinics-locatie-den-haag-den-haag-3058017"},
{"organisatietype": "Esthetisch-medisch centrum", "naam": "Bey by Bergman Clinics, locatie Heerenveen", "url": "https://www.zorgkaartnederland.nl/zorginstelling/esthetisch-medisch-centrum-bey-by-bergman-clinics-locatie-heerenveen-heerenveen-3001287"},
{"organisatietype": "Esthetisch-medisch centrum", "naam": "De Neuscorrectiespecialist", "url": "https://www.zorgkaartnederland.nl/zorginstelling/esthetisch-medisch-centrum-de-neuscorrectiespecialist-nijmegen-10012153"},
{"organisatietype": "Esthetisch-medisch centrum", "naam": "Kliniek Veldhoven", "url": "https://www.zorgkaartnederland.nl/zorginstelling/esthetisch-medisch-centrum-kliniek-veldhoven-veldhoven-3036425"},
{"organisatietype": "Esthetisch-medisch centrum", "naam": "Kliniek Vinci", "url": "https://www.zorgkaartnederland.nl/zorginstelling/esthetisch-medisch-centrum-kliniek-vinci-leiden-10019403"},
{"organisatietype": "Esthetisch-medisch centrum", "naam": "Tom van Eijk Kliniek", "url": "https://www.zorgkaartnederland.nl/zorginstelling/esthetisch-medisch-centrum-tom-van-eijk-kliniek-amsterdam-3062183"},
{"organisatietype": "Flebologiecentrum", "naam": "Flebologisch Centrum Grave", "url": "https://www.zorgkaartnederland.nl/zorginstelling/flebologiecentrum-flebologisch-centrum-grave-grave-3029472"},
{"organisatietype": "Flebologiecentrum", "naam": "U-Clinic Bussum", "url": "https://www.zorgkaartnederland.nl/zorginstelling/flebologiecentrum-u-clinic-bussum-bussum-101896"},
{"organisatietype": "Flebologiecentrum", "naam": "U-Clinic Hattem", "url": "https://www.zorgkaartnederland.nl/zorginstelling/flebologiecentrum-u-clinic-hattem-hattem-3026996"},
{"organisatietype": "Flebologiecentrum", "naam": "Stichting U-Clinic", "url": "https://www.zorgkaartnederland.nl/zorginstelling/flebologiecentrum-stichting-u-clinic-bussum-10003381"},
{"organisatietype": "Flebologiecentrum", "naam": "Venocare", "url": "https://www.zorgkaartnederland.nl/zorginstelling/flebologiecentrum-venocare-veldhoven-3055149"},
{"organisatietype": "Flebologiecentrum", "naam": "Spataderpraktijk Dokter Vafi", "url": "https://www.zorgkaartnederland.nl/zorginstelling/flebologiecentrum-spataderpraktijk-dokter-vafi-winterswijk-10006393"},
{"organisatietype": "Flebologiecentrum", "naam": "Spataderen-Amsterdam", "url": "https://www.zorgkaartnederland.nl/zorginstelling/flebologiecentrum-spataderen-amsterdam-amsterdam-3057324"},
{"organisatietype": "Flebologiecentrum", "naam": "Mauritskliniek Den Haag Spatadercentrum", "url": "https://www.zorgkaartnederland.nl/zorginstelling/flebologiecentrum-mauritskliniek-den-haag-spatadercentrum-den-haag-3034496"},
{"organisatietype": "Flebologiecentrum", "naam": "St Antonius Spatadercentrum", "url": "https://www.zorgkaartnederland.nl/zorginstelling/flebologiecentrum-st-antonius-spatadercentrum-de-meern-3037259"},
{"organisatietype": "Flebologiecentrum", "naam": "Stichting Aderkliniek", "url": "https://www.zorgkaartnederland.nl/zorginstelling/flebologiecentrum-stichting-aderkliniek-amsterdam-10084161"},
{"organisatietype": "Handcentrum en polscentrum", "naam": "Hand en Pols Centrum Gouda", "url": "https://www.zorgkaartnederland.nl/zorginstelling/handcentrum-en-polscentrum-hand-en-pols-centrum-gouda-gouda-3061158"},
{"organisatietype": "Handcentrum en polscentrum", "naam": "Dr. Kuypers Kliniek, locatie Zaandijk", "url": "https://www.zorgkaartnederland.nl/zorginstelling/handcentrum-en-polscentrum-dr-kuypers-kliniek-locatie-zaandijk-zaandijk-10010477"},
{"organisatietype": "Handcentrum en polscentrum", "naam": "Handencentrum Midden Nederland, locatie Ede", "url": "https://www.zorgkaartnederland.nl/zorginstelling/handcentrum-en-polscentrum-handencentrum-midden-nederland-locatie-ede-ede-3053260"},
{"organisatietype": "Handcentrum en polscentrum", "naam": "Handen Centrum Brabant", "url": "https://www.zorgkaartnederland.nl/zorginstelling/handcentrum-en-polscentrum-handen-centrum-brabant-helvoirt-10009643"},
{"organisatietype": "Handcentrum en polscentrum", "naam": "Handen Centrum Brabant, locatie ETZ Elisabeth", "url": "https://www.zorgkaartnederland.nl/zorginstelling/handcentrum-en-polscentrum-handen-centrum-brabant-locatie-etz-elisabeth-tilburg-10011975"},
{"organisatietype": "Handcentrum en polscentrum", "naam": "Hand- en polscentrum Rosmalen", "url": "https://www.zorgkaartnederland.nl/zorginstelling/handcentrum-en-polscentrum-hand-en-polscentrum-rosmalen-rosmalen-10012854"},
{"organisatietype": "Handcentrum en polscentrum", "naam": "Handen Centrum Brabant, locatie ETZ TweeSteden", "url": "https://www.zorgkaartnederland.nl/zorginstelling/handcentrum-en-polscentrum-handen-centrum-brabant-locatie-etz-tweesteden-waalwijk-10017306"},
{"organisatietype": "Handcentrum en polscentrum", "naam": "Handen Centrum Brabant, locatie Helvoirt", "url": "https://www.zorgkaartnederland.nl/zorginstelling/handcentrum-en-polscentrum-handen-centrum-brabant-locatie-helvoirt-helvoirt-10017307"},
{"organisatietype": "Handcentrum en polscentrum", "naam": "Handen Centrum Brabant, locatie Oisterwijk", "url": "https://www.zorgkaartnederland.nl/zorginstelling/handcentrum-en-polscentrum-handen-centrum-brabant-locatie-oisterwijk-oisterwijk-10011987"},
{"organisatietype": "Handcentrum en polscentrum", "naam": "Handen Centrum Brabant, locatie Vught", "url": "https://www.zorgkaartnederland.nl/zorginstelling/handcentrum-en-polscentrum-handen-centrum-brabant-locatie-vught-vught-10011976"},
{"organisatietype": "Handcentrum en polscentrum", "naam": "Hand- en polscentrum Heesch", "url": "https://www.zorgkaartnederland.nl/zorginstelling/handcentrum-en-polscentrum-hand-en-polscentrum-heesch-heesch-10011722"},
{"organisatietype": "Handcentrum en polscentrum", "naam": "Hand- en polscentrum Nuland", "url": "https://www.zorgkaartnederland.nl/zorginstelling/handcentrum-en-polscentrum-hand-en-polscentrum-nuland-nuland-10011723"},
{"organisatietype": "Handcentrum en polscentrum", "naam": "Hand- en polscentrum Oss", "url": "https://www.zorgkaartnederland.nl/zorginstelling/handcentrum-en-polscentrum-hand-en-polscentrum-oss-oss-10011721"},
{"organisatietype": "Handcentrum en polscentrum", "naam": "Hand- en polscentrum Uden", "url": "https://www.zorgkaartnederland.nl/zorginstelling/handcentrum-en-polscentrum-hand-en-polscentrum-uden-uden-10011725"},
{"organisatietype": "Handcentrum en polscentrum", "naam": "Hand- en polscentrum Veghel", "url": "https://www.zorgkaartnederland.nl/zorginstelling/handcentrum-en-polscentrum-hand-en-polscentrum-veghel-veghel-10011698"},
{"organisatietype": "Handcentrum en polscentrum", "naam": "Hand-Polscentrum Gorinchem, praktijk voor Hand- en Polsklachten", "url": "https://www.zorgkaartnederland.nl/zorginstelling/handcentrum-en-polscentrum-hand-polscentrum-gorinchem-praktijk-voor-hand-en-polsklachten-gorinchem-3063059"},
{"organisatietype": "Handcentrum en polscentrum", "naam": "Hand & Pols Centrum Rotterdam", "url": "https://www.zorgkaartnederland.nl/zorginstelling/handcentrum-en-polscentrum-hand-pols-centrum-rotterdam-rotterdam-10082210"},
{"organisatietype": "Handcentrum en polscentrum", "naam": "Handtherapie Mulder", "url": "https://www.zorgkaartnederland.nl/zorginstelling/handcentrum-en-polscentrum-handtherapie-mulder-panningen-10082139"},
{"organisatietype": "Handcentrum en polscentrum", "naam": "Handtherapie Valenti", "url": "https://www.zorgkaartnederland.nl/zorginstelling/handcentrum-en-polscentrum-handtherapie-valenti-duiven-10007612"},
{"organisatietype": "Oogkliniek", "naam": "Orasis Oogkliniek", "url": "https://www.zorgkaartnederland.nl/zorginstelling/oogkliniek-orasis-oogkliniek-hoofddorp-10021882"},
{"organisatietype": "Oogkliniek", "naam": "Oogartsenpraktijk Delfland", "url": "https://www.zorgkaartnederland.nl/zorginstelling/oogkliniek-oogartsenpraktijk-delfland-delft-3040406"},
{"organisatietype": "Oogkliniek", "naam": "Het Ooglasercentrum", "url": "https://www.zorgkaartnederland.nl/zorginstelling/oogkliniek-het-ooglasercentrum-hengelo-3042131"},
{"organisatietype": "Oogkliniek", "naam": "Oogkliniek Drechtsteden", "url": "https://www.zorgkaartnederland.nl/zorginstelling/oogkliniek-oogkliniek-drechtsteden-papendrecht-3055124"},
{"organisatietype": "Oogkliniek", "naam": "Bergman Clinics | Ogen | Veenendaal", "url": "https://www.zorgkaartnederland.nl/zorginstelling/oogkliniek-bergman-clinics-ogen-veenendaal-veenendaal-3059528"},
{"organisatietype": "Oogkliniek", "naam": "Spectrum Oogziekenhuis", "url": "https://www.zorgkaartnederland.nl/zorginstelling/oogkliniek-spectrum-oogziekenhuis-arnhem-10024113"},
{"organisatietype": "Oogkliniek", "naam": "Spectrum Oogziekenhuis", "url": "https://www.zorgkaartnederland.nl/zorginstelling/oogkliniek-spectrum-oogziekenhuis-arnhem-10021782"},
{"organisatietype": "Oogkliniek", "naam": "Retina Operatiecentrum Utrecht", "url": "https://www.zorgkaartnederland.nl/zorginstelling/oogkliniek-retina-operatiecentrum-utrecht-utrecht-10021561"},
{"organisatietype": "Oogkliniek", "naam": "Bergman Clinics | Ogen | Amersfoort", "url": "https://www.zorgkaartnederland.nl/zorginstelling/oogkliniek-bergman-clinics-ogen-amersfoort-amersfoort-3043785"},
{"organisatietype": "Oogkliniek", "naam": "Bergman Clinics | Ogen | Doetinchem", "url": "https://www.zorgkaartnederland.nl/zorginstelling/oogkliniek-bergman-clinics-ogen-doetinchem-doetinchem-3029032"},
{"organisatietype": "Oogkliniek", "naam": "Oog en Welzijn, locatie Dokkum", "url": "https://www.zorgkaartnederland.nl/zorginstelling/oogkliniek-oog-en-welzijn-locatie-dokkum-dokkum-3056059"},
{"organisatietype": "Oogkliniek", "naam": "Maashorst Oogkliniek, locatie Schijndel", "url": "https://www.zorgkaartnederland.nl/zorginstelling/oogkliniek-maashorst-oogkliniek-locatie-schijndel-schijndel-10008211"},
{"organisatietype": "Oogkliniek", "naam": "Oogkliniek Limburg, een focuskliniek van Bergman Clinics", "url": "https://www.zorgkaartnederland.nl/zorginstelling/oogkliniek-oogkliniek-limburg-een-focuskliniek-van-bergman-clinics-maastricht-3046517"},
{"organisatietype": "Oogkliniek", "naam": "Bergman Clinics | Ogen", "url": "https://www.zorgkaartnederland.nl/zorginstelling/oogkliniek-bergman-clinics-ogen-naarden-3055886"},
{"organisatietype": "Oogkliniek", "naam": "Bergman Clinics | Ogen | Den Bosch", "url": "https://www.zorgkaartnederland.nl/zorginstelling/oogkliniek-bergman-clinics-ogen-den-bosch-s-hertogenbosch-3024861"},
{"organisatietype": "Oogkliniek", "naam": "Bergman Clinics | Ogen | Hoogeveen", "url": "https://www.zorgkaartnederland.nl/zorginstelling/oogkliniek-bergman-clinics-ogen-hoogeveen-hoogeveen-3029475"},
{"organisatietype": "Oogkliniek", "naam": "Stichting Oogheelkunde op Zuid - Oog op Zuid Oogkliniek", "url": "https://www.zorgkaartnederland.nl/zorginstelling/oogkliniek-stichting-oogheelkunde-op-zuid-oog-op-zuid-oogkliniek-rotterdam-10015908"},
{"organisatietype": "Oogkliniek", "naam": "Oogheelkundig Medisch Centrum", "url": "https://www.zorgkaartnederland.nl/zorginstelling/oogkliniek-oogheelkundig-medisch-centrum-zaandam-10084036"},
{"organisatietype": "Oogkliniek", "naam": "Oogheelkundig Medisch Centrum Zaandam", "url": "https://www.zorgkaartnederland.nl/zorginstelling/oogkliniek-oogheelkundig-medisch-centrum-zaandam-zaandam-3025030"},
{"organisatietype": "Oogkliniek", "naam": "Bergman Clinics | Ogen | Lelystad", "url": "https://www.zorgkaartnederland.nl/zorginstelling/oogkliniek-bergman-clinics-ogen-lelystad-lelystad-3022971"},
{"organisatietype": "Overige kliniek", "naam": "Xpert Clinics, locatie Lelystad, Reaalhof", "url": "https://www.zorgkaartnederland.nl/zorginstelling/overige-kliniek-xpert-clinics-locatie-lelystad-reaalhof-lelystad-10006756"},
{"organisatietype": "Overige kliniek", "naam": "Chirurgisch Expertisecentrum, locatie Nieuwegein", "url": "https://www.zorgkaartnederland.nl/zorginstelling/overige-kliniek-chirurgisch-expertisecentrum-locatie-nieuwegein-nieuwegein-10019860"},
{"organisatietype": "Overige kliniek", "naam": "Bergman Clinics | Vrouw | Den Bosch", "url": "https://www.zorgkaartnederland.nl/zorginstelling/overige-kliniek-bergman-clinics-vrouw-den-bosch-s-hertogenbosch-10021846"},
{"organisatietype": "Overige kliniek", "naam": "Xpert Clinics, locatie Weert", "url": "https://www.zorgkaartnederland.nl/zorginstelling/overige-kliniek-xpert-clinics-locatie-weert-weert-10005644"},
{"organisatietype": "Overige kliniek", "naam": "Medisch Centrum Jan van Goyen, locatie Emmastraat", "url": "https://www.zorgkaartnederland.nl/zorginstelling/overige-kliniek-medisch-centrum-jan-van-goyen-locatie-emmastraat-amsterdam-3060630"},
{"organisatietype": "Overige kliniek", "naam": "DC Klinieken", "url": "https://www.zorgkaartnederland.nl/zorginstelling/overige-kliniek-dc-klinieken-amsterdam-3048997"},
{"organisatietype": "Overige kliniek", "naam": "PoliDirect Ravenstein", "url": "https://www.zorgkaartnederland.nl/zorginstelling/overige-kliniek-polidirect-ravenstein-ravenstein-3055416"},
{"organisatietype": "Overige kliniek", "naam": "Braam Kliniek, voor chirurgie en flebologie", "url": "https://www.zorgkaartnederland.nl/zorginstelling/overige-kliniek-braam-kliniek-voor-chirurgie-en-flebologie-assen-103902"},
{"organisatietype": "Overige kliniek", "naam": "Xpert Clinics, locatie Zeist, Huis Ter Heideweg", "url": "https://www.zorgkaartnederland.nl/zorginstelling/overige-kliniek-xpert-clinics-locatie-zeist-huis-ter-heideweg-zeist-3001375"},
{"organisatietype": "Overige kliniek", "naam": "Medische Kliniek Velsen", "url": "https://www.zorgkaartnederland.nl/zorginstelling/overige-kliniek-medische-kliniek-velsen-velsen-noord-10009087"},
{"organisatietype": "Overige kliniek", "naam": "DC Klinieken Maastricht", "url": "https://www.zorgkaartnederland.nl/zorginstelling/overige-kliniek-dc-klinieken-maastricht-maastricht-3026170"},
{"organisatietype": "Overige kliniek", "naam": "Eurocept Clinics, locatie Rotterdam", "url": "https://www.zorgkaartnederland.nl/zorginstelling/overige-kliniek-eurocept-clinics-locatie-rotterdam-rotterdam-3001405"},
{"organisatietype": "Overige kliniek", "naam": "Eurocept Clinics, locatie Geldrop", "url": "https://www.zorgkaartnederland.nl/zorginstelling/overige-kliniek-eurocept-clinics-locatie-geldrop-geldrop-3042120"},
{"organisatietype": "Overige kliniek", "naam": "DC Klinieken Groningen", "url": "https://www.zorgkaartnederland.nl/zorginstelling/overige-kliniek-dc-klinieken-groningen-groningen-10001001"},
{"organisatietype": "Overige kliniek", "naam": "KaakmeesterZ", "url": "https://www.zorgkaartnederland.nl/zorginstelling/overige-kliniek-kaakmeesterz-hengelo-10016926"},
{"organisatietype": "Overige kliniek", "naam": "Link2Care Clinics", "url": "https://www.zorgkaartnederland.nl/zorginstelling/overige-kliniek-link2care-clinics-bilthoven-10021568"},
{"organisatietype": "Overige kliniek", "naam": "KNO Medisch Centrum", "url": "https://www.zorgkaartnederland.nl/zorginstelling/overige-kliniek-kno-medisch-centrum-waardenburg-10084521"},
{"organisatietype": "Overige kliniek", "naam": "Xpert Clinics, locatie Haarlem", "url": "https://www.zorgkaartnederland.nl/zorginstelling/overige-kliniek-xpert-clinics-locatie-haarlem-haarlem-3042122"},
{"organisatietype": "Overige kliniek", "naam": "Xpert Clinics, locatie Venlo - Tegelen", "url": "https://www.zorgkaartnederland.nl/zorginstelling/overige-kliniek-xpert-clinics-locatie-venlo-tegelen-tegelen-3056942"},
{"organisatietype": "Overige kliniek", "naam": "B12 institute", "url": "https://www.zorgkaartnederland.nl/zorginstelling/overige-kliniek-b12-institute-rotterdam-3063735"},
{"organisatietype": "Pijncentrum", "naam": "Melius Klinieken & Pijnzorg Eindhoven", "url": "https://www.zorgkaartnederland.nl/zorginstelling/pijncentrum-melius-klinieken-pijnzorg-eindhoven-eindhoven-10022791"},
{"organisatietype": "Pijncentrum", "naam": "Melius", "url": "https://www.zorgkaartnederland.nl/zorginstelling/pijncentrum-melius-breda-10022576"},
{"organisatietype": "Pijncentrum", "naam": "RealHealth Sint Maartenskliniek", "url": "https://www.zorgkaartnederland.nl/zorginstelling/pijncentrum-realhealth-sint-maartenskliniek-berg-en-dal-3052257"},
{"organisatietype": "Pijncentrum", "naam": "Excellent Klinieken, locatie Zoetermeer", "url": "https://www.zorgkaartnederland.nl/zorginstelling/pijncentrum-excellent-klinieken-locatie-zoetermeer-zoetermeer-10007067"},
{"organisatietype": "Pijncentrum", "naam": "DC Klinieken Alkmaar", "url": "https://www.zorgkaartnederland.nl/zorginstelling/pijncentrum-dc-klinieken-alkmaar-alkmaar-3041506"},
{"organisatietype": "Pijncentrum", "naam": "Excellent Klinieken", "url": "https://www.zorgkaartnederland.nl/zorginstelling/pijncentrum-excellent-klinieken-dordrecht-10007066"},
{"organisatietype": "Pijncentrum", "naam": "Excellent Klinieken, locatie Dordrecht", "url": "https://www.zorgkaartnederland.nl/zorginstelling/pijncentrum-excellent-klinieken-locatie-dordrecht-dordrecht-10004077"},
{"organisatietype": "Pijncentrum", "naam": "Revalis kliniek voor chronische pijn en/of vermoeidheid", "url": "https://www.zorgkaartnederland.nl/zorginstelling/pijncentrum-revalis-kliniek-voor-chronische-pijn-en-of-vermoeidheid-s-hertogenbosch-10025776"},
{"organisatietype": "Pijncentrum", "naam": "Nocepta, centrum voor specialistische pijnzorg", "url": "https://www.zorgkaartnederland.nl/zorginstelling/pijncentrum-nocepta-centrum-voor-specialistische-pijnzorg-hengelo-3060213"},
{"organisatietype": "Pijncentrum", "naam": "Revalis Den Bosch", "url": "https://www.zorgkaartnederland.nl/zorginstelling/pijncentrum-revalis-den-bosch-s-hertogenbosch-3053136"},
{"organisatietype": "Pijncentrum", "naam": "OptimalCare Pijnklinieken", "url": "https://www.zorgkaartnederland.nl/zorginstelling/pijncentrum-optimalcare-pijnklinieken-rotterdam-3028355"},
{"organisatietype": "Pijncentrum", "naam": "Pijnkliniek De Bilt", "url": "https://www.zorgkaartnederland.nl/zorginstelling/pijncentrum-pijnkliniek-de-bilt-de-bilt-3063720"},
{"organisatietype": "Pijncentrum", "naam": "Medisch Centrum De Rivieren", "url": "https://www.zorgkaartnederland.nl/zorginstelling/pijncentrum-medisch-centrum-de-rivieren-zaltbommel-10007681"},
{"organisatietype": "Pijncentrum", "naam": "Revalis Venlo", "url": "https://www.zorgkaartnederland.nl/zorginstelling/pijncentrum-revalis-venlo-venlo-10082184"},
{"organisatietype": "Pijncentrum", "naam": "Revalis Nijmegen", "url": "https://www.zorgkaartnederland.nl/zorginstelling/pijncentrum-revalis-nijmegen-nijmegen-10025778"},
{"organisatietype": "Pijncentrum", "naam": "Melius Klinieken & Pijnzorg Roermond", "url": "https://www.zorgkaartnederland.nl/zorginstelling/pijncentrum-melius-klinieken-pijnzorg-roermond-roermond-10082338"},
{"organisatietype": "Pijncentrum", "naam": "Eisenhower Kliniek, Pijnbehandelcentrum", "url": "https://www.zorgkaartnederland.nl/zorginstelling/pijncentrum-eisenhower-kliniek-pijnbehandelcentrum-den-haag-10018529"},
{"organisatietype": "Pijncentrum", "naam": "Revalis Breda", "url": "https://www.zorgkaartnederland.nl/zorginstelling/pijncentrum-revalis-breda-breda-10025777"},
{"organisatietype": "Pijncentrum", "naam": "Excellent Care Clinics", "url": "https://www.zorgkaartnederland.nl/zorginstelling/pijncentrum-excellent-care-clinics-velsen-noord-10009082"},
{"organisatietype": "Pijncentrum", "naam": "Transcare", "url": "https://www.zorgkaartnederland.nl/zorginstelling/pijncentrum-transcare-groningen-10003685"},
{"organisatietype": "Radiotherapeutisch centrum", "naam": "Maastro, locatie Venlo", "url": "https://www.zorgkaartnederland.nl/zorginstelling/radiotherapeutisch-centrum-maastro-locatie-venlo-venlo-10021658"},
{"organisatietype": "Radiotherapeutisch centrum", "naam": "Instituut Verbeeten, locatie 's Hertogenbosch", "url": "https://www.zorgkaartnederland.nl/zorginstelling/radiotherapeutisch-centrum-instituut-verbeeten-locatie-s-hertogenbosch-s-hertogenbosch-3048495"},
{"organisatietype": "Radiotherapeutisch centrum", "naam": "Radiotherapiegroep, locatie Deventer", "url": "https://www.zorgkaartnederland.nl/zorginstelling/radiotherapeutisch-centrum-radiotherapiegroep-locatie-deventer-deventer-103612"},
{"organisatietype": "Radiotherapeutisch centrum", "naam": "ZRTI - Zuidwest Radiotherapeutisch Instituut", "url": "https://www.zorgkaartnederland.nl/zorginstelling/radiotherapeutisch-centrum-zrti-zuidwest-radiotherapeutisch-instituut-vlissingen-10001191"},
{"organisatietype": "Radiotherapeutisch centrum", "naam": "ZRTI - Zuidwest Radiotherapeutisch Instituut, locatie Vlissingen", "url": "https://www.zorgkaartnederland.nl/zorginstelling/radiotherapeutisch-centrum-zrti-zuidwest-radiotherapeutisch-instituut-locatie-vlissingen-vlissingen-102874"},
{"organisatietype": "Radiotherapeutisch centrum", "naam": "Radiotherapiegroep", "url": "https://www.zorgkaartnederland.nl/zorginstelling/radiotherapeutisch-centrum-radiotherapiegroep-arnhem-3055937"},
{"organisatietype": "Radiotherapeutisch centrum", "naam": "Antoni van Leeuwenhoek, afdeling Radiotherapie", "url": "https://www.zorgkaartnederland.nl/zorginstelling/radiotherapeutisch-centrum-antoni-van-leeuwenhoek-afdeling-radiotherapie-amsterdam-3037320"},
{"organisatietype": "Radiotherapeutisch centrum", "naam": "Radiotherapiegroep, locatie Arnhem", "url": "https://www.zorgkaartnederland.nl/zorginstelling/radiotherapeutisch-centrum-radiotherapiegroep-locatie-arnhem-arnhem-112900"},
{"organisatietype": "Radiotherapeutisch centrum", "naam": "Antoni van Leeuwenhoek, afdeling Radiotherapie Hoofddorp", "url": "https://www.zorgkaartnederland.nl/zorginstelling/radiotherapeutisch-centrum-antoni-van-leeuwenhoek-afdeling-radiotherapie-hoofddorp-hoofddorp-10000216"},
{"organisatietype": "Radiotherapeutisch centrum", "naam": "Instituut Verbeeten", "url": "https://www.zorgkaartnederland.nl/zorginstelling/radiotherapeutisch-centrum-instituut-verbeeten-tilburg-3055731"},
{"organisatietype": "Radiotherapeutisch centrum", "naam": "Instituut Verbeeten, locatie Tilburg", "url": "https://www.zorgkaartnederland.nl/zorginstelling/radiotherapeutisch-centrum-instituut-verbeeten-locatie-tilburg-tilburg-17170"},
{"organisatietype": "Radiotherapeutisch centrum", "naam": "Radiotherapiegroep, locatie Apeldoorn", "url": "https://www.zorgkaartnederland.nl/zorginstelling/radiotherapeutisch-centrum-radiotherapiegroep-locatie-apeldoorn-apeldoorn-10013995"},
{"organisatietype": "Radiotherapeutisch centrum", "naam": "RIF - Radiotherapeutisch Instituut Friesland", "url": "https://www.zorgkaartnederland.nl/zorginstelling/radiotherapeutisch-centrum-rif-radiotherapeutisch-instituut-friesland-leeuwarden-113465"},
{"organisatietype": "Radiotherapeutisch centrum", "naam": "Instituut Verbeeten, locatie Breda", "url": "https://www.zorgkaartnederland.nl/zorginstelling/radiotherapeutisch-centrum-instituut-verbeeten-locatie-breda-breda-3048494"},
{"organisatietype": "Radiotherapeutisch centrum", "naam": "Maastro, locatie Maastricht", "url": "https://www.zorgkaartnederland.nl/zorginstelling/radiotherapeutisch-centrum-maastro-locatie-maastricht-maastricht-241838"},
{"organisatietype": "Radiotherapeutisch centrum", "naam": "Radiotherapiegroep, locatie Ede", "url": "https://www.zorgkaartnederland.nl/zorginstelling/radiotherapeutisch-centrum-radiotherapiegroep-locatie-ede-ede-3055938"},
{"organisatietype": "Radiotherapeutisch centrum", "naam": "ZRTI - Zuidwest Radiotherapeutisch Instituut, locatie Roosendaal", "url": "https://www.zorgkaartnederland.nl/zorginstelling/radiotherapeutisch-centrum-zrti-zuidwest-radiotherapeutisch-instituut-locatie-roosendaal-roosendaal-3054479"},
{"organisatietype": "Sportmedisch centrum", "naam": "Sportgeneeskunde Rotterdam", "url": "https://www.zorgkaartnederland.nl/zorginstelling/sportmedisch-centrum-sportgeneeskunde-rotterdam-rotterdam-102463"},
{"organisatietype": "Sportmedisch centrum", "naam": "SMA, Sportmedisch Adviescentrum Utrecht", "url": "https://www.zorgkaartnederland.nl/zorginstelling/sportmedisch-centrum-sma-sportmedisch-adviescentrum-utrecht-utrecht-102604"},
{"organisatietype": "Sportmedisch centrum", "naam": "SMC Sparta Rotterdam", "url": "https://www.zorgkaartnederland.nl/zorginstelling/sportmedisch-centrum-smc-sparta-rotterdam-rotterdam-10014503"},
{"organisatietype": "Sportmedisch centrum", "naam": "Sport- en Beweegkliniek", "url": "https://www.zorgkaartnederland.nl/zorginstelling/sportmedisch-centrum-sport-en-beweegkliniek-haarlem-102065"},
{"organisatietype": "Sportmedisch centrum", "naam": "Ziekenhuis Gelderse Vallei, locatie Sports Valley", "url": "https://www.zorgkaartnederland.nl/zorginstelling/sportmedisch-centrum-ziekenhuis-gelderse-vallei-locatie-sports-valley-ede-10017346"},
{"organisatietype": "Sportmedisch centrum", "naam": "Praktijk Sportarts Zimmermann", "url": "https://www.zorgkaartnederland.nl/zorginstelling/sportmedisch-centrum-praktijk-sportarts-zimmermann-den-haag-10008286"},
{"organisatietype": "Sportmedisch centrum", "naam": "Sportgeneeskunde Midden Nederland", "url": "https://www.zorgkaartnederland.nl/zorginstelling/sportmedisch-centrum-sportgeneeskunde-midden-nederland-amersfoort-10026229"},
{"organisatietype": "Sportmedisch centrum", "naam": "Sportgeneeskunde Midden Nederland, locatie Amersfoort", "url": "https://www.zorgkaartnederland.nl/zorginstelling/sportmedisch-centrum-sportgeneeskunde-midden-nederland-locatie-amersfoort-amersfoort-3039014"},
{"organisatietype": "Sportmedisch centrum", "naam": "Anna TopSupport", "url": "https://www.zorgkaartnederland.nl/zorginstelling/sportmedisch-centrum-anna-topsupport-eindhoven-3007765"},
{"organisatietype": "Sportmedisch centrum", "naam": "Sport Medisch Centrum Papendal", "url": "https://www.zorgkaartnederland.nl/zorginstelling/sportmedisch-centrum-sport-medisch-centrum-papendal-arnhem-10001436"},
{"organisatietype": "Sportmedisch centrum", "naam": "Sport Medisch Centrum Amsterdam (SMC)", "url": "https://www.zorgkaartnederland.nl/zorginstelling/sportmedisch-centrum-sport-medisch-centrum-amsterdam-smc-amsterdam-190920"},
{"organisatietype": "Sportmedisch centrum", "naam": "Fanaticus Sports Medicine", "url": "https://www.zorgkaartnederland.nl/zorginstelling/sportmedisch-centrum-fanaticus-sports-medicine-groningen-10005767"},
{"organisatietype": "Sportmedisch centrum", "naam": "Sport Medisch Centrum JBZ, locatie Maaspoort", "url": "https://www.zorgkaartnederland.nl/zorginstelling/sportmedisch-centrum-sport-medisch-centrum-jbz-locatie-maaspoort-s-hertogenbosch-3030131"},
{"organisatietype": "Sportmedisch centrum", "naam": "SportMedisch Centrum Tilburg", "url": "https://www.zorgkaartnederland.nl/zorginstelling/sportmedisch-centrum-sportmedisch-centrum-tilburg-tilburg-3032995"},
{"organisatietype": "Sportmedisch centrum", "naam": "Sportmedisch centrum ZorgSaam", "url": "https://www.zorgkaartnederland.nl/zorginstelling/sportmedisch-centrum-sportmedisch-centrum-zorgsaam-terneuzen-3032212"},
{"organisatietype": "Sportmedisch centrum", "naam": "Sportmedisch Adviescentrum Midden Rivierengebied, Beatrix Ziekenhuis", "url": "https://www.zorgkaartnederland.nl/zorginstelling/sportmedisch-centrum-sportmedisch-adviescentrum-midden-rivierengebied-beatrix-ziekenhuis-gorinchem-102846"},
{"organisatietype": "Sportmedisch centrum", "naam": "Sportarts SMC Papendal St. Maartenskliniek", "url": "https://www.zorgkaartnederland.nl/zorginstelling/sportmedisch-centrum-sportarts-smc-papendal-st-maartenskliniek-ubbergen-10007522"},
{"organisatietype": "Sportmedisch centrum", "naam": "SMA Midden Holland", "url": "https://www.zorgkaartnederland.nl/zorginstelling/sportmedisch-centrum-sma-midden-holland-gouda-102374"},
{"organisatietype": "Sportmedisch centrum", "naam": "CWZ - Sportgeneeskunde", "url": "https://www.zorgkaartnederland.nl/zorginstelling/sportmedisch-centrum-cwz-sportgeneeskunde-nijmegen-103424"},
{"organisatietype": "Sportmedisch centrum", "naam": "SMA Jessica Gal Sportartsen", "url": "https://www.zorgkaartnederland.nl/zorginstelling/sportmedisch-centrum-sma-jessica-gal-sportartsen-amsterdam-3037157"},
{"organisatietype": "Ziekenhuis", "naam": "Stichting Laurentius Ziekenhuis", "url": "https://www.zorgkaartnederland.nl/zorginstelling/ziekenhuis-stichting-laurentius-ziekenhuis-roermond-10001906"},
{"organisatietype": "Ziekenhuis", "naam": "Laurentius Ziekenhuis Roermond", "url": "https://www.zorgkaartnederland.nl/zorginstelling/ziekenhuis-laurentius-ziekenhuis-roermond-roermond-112462"},
{"organisatietype": "Ziekenhuis", "naam": "Streekziekenhuis Koningin Beatrix, Buitenpolikliniek Eibergen", "url": "https://www.zorgkaartnederland.nl/zorginstelling/ziekenhuis-streekziekenhuis-koningin-beatrix-buitenpolikliniek-eibergen-eibergen-3047135"},
{"organisatietype": "Ziekenhuis", "naam": "Streekziekenhuis Koningin Beatrix", "url": "https://www.zorgkaartnederland.nl/zorginstelling/ziekenhuis-streekziekenhuis-koningin-beatrix-winterswijk-10001951"},
{"organisatietype": "Ziekenhuis", "naam": "Streekziekenhuis Koningin Beatrix, locatie Winterswijk", "url": "https://www.zorgkaartnederland.nl/zorginstelling/ziekenhuis-streekziekenhuis-koningin-beatrix-locatie-winterswijk-winterswijk-111678"},
{"organisatietype": "Ziekenhuis", "naam": "Spijkenisse Medisch Centrum", "url": "https://www.zorgkaartnederland.nl/zorginstelling/ziekenhuis-spijkenisse-medisch-centrum-spijkenisse-10001372"},
{"organisatietype": "Ziekenhuis", "naam": "Spijkenisse Medisch Centrum, hoofdlocatie", "url": "https://www.zorgkaartnederland.nl/zorginstelling/ziekenhuis-spijkenisse-medisch-centrum-hoofdlocatie-spijkenisse-110984"},
{"organisatietype": "Ziekenhuis", "naam": "Rijnstate Zevenaar", "url": "https://www.zorgkaartnederland.nl/zorginstelling/ziekenhuis-rijnstate-zevenaar-zevenaar-205021"},
{"organisatietype": "Ziekenhuis", "naam": "Rode Kruis Ziekenhuis", "url": "https://www.zorgkaartnederland.nl/zorginstelling/ziekenhuis-rode-kruis-ziekenhuis-beverwijk-10001857"},
{"organisatietype": "Ziekenhuis", "naam": "Rode Kruis Ziekenhuis", "url": "https://www.zorgkaartnederland.nl/zorginstelling/ziekenhuis-rode-kruis-ziekenhuis-beverwijk-109854"},
{"organisatietype": "Ziekenhuis", "naam": "Frisius MC Heerenveen", "url": "https://www.zorgkaartnederland.nl/zorginstelling/ziekenhuis-frisius-mc-heerenveen-heerenveen-113391"},
{"organisatietype": "Ziekenhuis", "naam": "Medisch Spectrum Twente (MST), locatie Oldenzaal", "url": "https://www.zorgkaartnederland.nl/zorginstelling/ziekenhuis-medisch-spectrum-twente-mst-locatie-oldenzaal-oldenzaal-113232"},
{"organisatietype": "Ziekenhuis", "naam": "Albert Schweitzer ziekenhuis, locatie Zwijndrecht", "url": "https://www.zorgkaartnederland.nl/zorginstelling/ziekenhuis-albert-schweitzer-ziekenhuis-locatie-zwijndrecht-zwijndrecht-111106"},
{"organisatietype": "Ziekenhuis", "naam": "Bernhoven", "url": "https://www.zorgkaartnederland.nl/zorginstelling/ziekenhuis-bernhoven-uden-10001729"},
{"organisatietype": "Ziekenhuis", "naam": "Bernhoven, locatie Nistelrodeseweg", "url": "https://www.zorgkaartnederland.nl/zorginstelling/ziekenhuis-bernhoven-locatie-nistelrodeseweg-uden-205040"},
{"organisatietype": "Ziekenhuis", "naam": "Máxima MC, locatie Eindhoven", "url": "https://www.zorgkaartnederland.nl/zorginstelling/ziekenhuis-maxima-mc-locatie-eindhoven-eindhoven-110138"},
{"organisatietype": "Ziekenhuis", "naam": "Antonius Ziekenhuis", "url": "https://www.zorgkaartnederland.nl/zorginstelling/ziekenhuis-antonius-ziekenhuis-sneek-10001416"},
{"organisatietype": "Ziekenhuis", "naam": "Antonius Ziekenhuis, locatie Sneek", "url": "https://www.zorgkaartnederland.nl/zorginstelling/ziekenhuis-antonius-ziekenhuis-locatie-sneek-sneek-111189"},
{"organisatietype": "Ziekenhuis", "naam": "Antoni van Leeuwenhoek", "url": "https://www.zorgkaartnederland.nl/zorginstelling/ziekenhuis-antoni-van-leeuwenhoek-amsterdam-10001701"},
{"organisatietype": "Ziekenhuis", "naam": "Antoni van Leeuwenhoek, locatie Plesmanlaan", "url": "https://www.zorgkaartnederland.nl/zorginstelling/ziekenhuis-antoni-van-leeuwenhoek-locatie-plesmanlaan-amsterdam-20654"},
{"organisatietype": "Ziekenhuis en kliniek", "naam": "Vijf Meren Kliniek, locatie Hillegom", "url": "https://www.zorgkaartnederland.nl/zorginstelling/overige-kliniek-vijf-meren-kliniek-locatie-hillegom-hillegom-3059593"},
{"organisatietype": "Ziekenhuis en kliniek", "naam": "Vijf Meren Kliniek, locatie IJmuiden", "url": "https://www.zorgkaartnederland.nl/zorginstelling/overige-kliniek-vijf-meren-kliniek-locatie-ijmuiden-ijmuiden-10006369"},
{"organisatietype": "Ziekenhuis en kliniek", "naam": "Vijf Meren Kliniek, locatie Nieuw Vennep", "url": "https://www.zorgkaartnederland.nl/zorginstelling/overige-kliniek-vijf-meren-kliniek-locatie-nieuw-vennep-nieuw-vennep-3059594"},
{"organisatietype": "Ziekenhuis en kliniek", "naam": "Visus Haarkliniek", "url": "https://www.zorgkaartnederland.nl/zorginstelling/esthetisch-medisch-centrum-visus-haarkliniek-rotterdam-10008792"},
{"organisatietype": "Ziekenhuis en kliniek", "naam": "VISUS Oogkliniek | Den Bosch", "url": "https://www.zorgkaartnederland.nl/zorginstelling/oogkliniek-visus-oogkliniek-den-bosch-s-hertogenbosch-10084048"},
{"organisatietype": "Ziekenhuis en kliniek", "naam": "VISUS Oogkliniek | Eindhoven", "url": "https://www.zorgkaartnederland.nl/zorginstelling/oogkliniek-visus-oogkliniek-eindhoven-eindhoven-10087508"},
{"organisatietype": "Ziekenhuis en kliniek", "naam": "VISUS Oogkliniek | Utrecht", "url": "https://www.zorgkaartnederland.nl/zorginstelling/oogkliniek-visus-oogkliniek-utrecht-utrecht-10084051"},
{"organisatietype": "Ziekenhuis en kliniek", "naam": "VISUS Oogkliniek | Zwolle", "url": "https://www.zorgkaartnederland.nl/zorginstelling/oogkliniek-visus-oogkliniek-zwolle-zwolle-10084054"},
{"organisatietype": "Ziekenhuis en kliniek", "naam": "Voetbal Medisch Centrum KNVB", "url": "https://www.zorgkaartnederland.nl/zorginstelling/sportmedisch-centrum-voetbal-medisch-centrum-knvb-zeist-136423"},
{"organisatietype": "Ziekenhuis en kliniek", "naam": "Waal Kliniek, locatie Veenendaal", "url": "https://www.zorgkaartnederland.nl/zorginstelling/overige-kliniek-waal-kliniek-locatie-veenendaal-veenendaal-10022144"},
{"organisatietype": "Ziekenhuis en kliniek", "naam": "Waterland Kliniek", "url": "https://www.zorgkaartnederland.nl/zorginstelling/esthetisch-medisch-centrum-waterland-kliniek-volendam-10016861"},
{"organisatietype": "Ziekenhuis en kliniek", "naam": "Wever Facial Plastics", "url": "https://www.zorgkaartnederland.nl/zorginstelling/esthetisch-medisch-centrum-wever-facial-plastics-den-haag-3049298"},
{"organisatietype": "Ziekenhuis en kliniek", "naam": "Xpert Clinics, locatie Borger", "url": "https://www.zorgkaartnederland.nl/zorginstelling/overige-kliniek-xpert-clinics-locatie-borger-borger-10082700"},
{"organisatietype": "Ziekenhuis en kliniek", "naam": "Xpert Clinics, locatie Groningen", "url": "https://www.zorgkaartnederland.nl/zorginstelling/overige-kliniek-xpert-clinics-locatie-groningen-groningen-10082699"},
{"organisatietype": "Ziekenhuis en kliniek", "naam": "ZBC De Kaakchirurg, locatie CWZ Spoedplein", "url": "https://www.zorgkaartnederland.nl/zorginstelling/overige-kliniek-zbc-de-kaakchirurg-locatie-cwz-spoedplein-nijmegen-10019115"},
{"organisatietype": "Ziekenhuis en kliniek", "naam": "ZBC Tandzorg Chirurgie", "url": "https://www.zorgkaartnederland.nl/zorginstelling/overige-kliniek-zbc-tandzorg-chirurgie-rotterdam-3059570"},
{"organisatietype": "Ziekenhuis en kliniek", "naam": "Ziekenhuis Gelderse Vallei, Polikliniek Wageningen", "url": "https://www.zorgkaartnederland.nl/zorginstelling/ziekenhuis-ziekenhuis-gelderse-vallei-polikliniek-wageningen-wageningen-3050906"},
{"organisatietype": "Ziekenhuis en kliniek", "naam": "Zipper Clinics Zwolle", "url": "https://www.zorgkaartnederland.nl/zorginstelling/esthetisch-medisch-centrum-zipper-clinics-zwolle-zwolle-3063160"},
{"organisatietype": "Ziekenhuis en kliniek", "naam": "ZRTI - Zuidwest Radiotherapeutisch Instituut, locatie Roosendaal", "url": "https://www.zorgkaartnederland.nl/zorginstelling/radiotherapeutisch-centrum-zrti-zuidwest-radiotherapeutisch-instituut-locatie-roosendaal-roosendaal-3054479"},
{"organisatietype": "Ziekenhuis en kliniek", "naam": "Zuyderland Medisch Centrum Buitenpoli Echt", "url": "https://www.zorgkaartnederland.nl/zorginstelling/ziekenhuis-zuyderland-medisch-centrum-buitenpoli-echt-echt-10018319"},
{"organisatietype": "Centrum voor orthopedie en beweging", "naam": "Echozorg Heemskerk", "url": "https://www.zorgkaartnederland.nl/zorginstelling/centrum-voor-orthopedie-en-beweging-echozorg-heemskerk-heemskerk-10083199"},
{"organisatietype": "Centrum voor orthopedie en beweging", "naam": "Stichting Rugzorg Nederland, locatie Zwolle", "url": "https://www.zorgkaartnederland.nl/zorginstelling/centrum-voor-orthopedie-en-beweging-stichting-rugzorg-nederland-locatie-zwolle-zwolle-3048653"},
{"organisatietype": "Centrum voor orthopedie en beweging", "naam": "MSK Centrum", "url": "https://www.zorgkaartnederland.nl/zorginstelling/centrum-voor-orthopedie-en-beweging-msk-centrum-amstelveen-10000563"},
{"organisatietype": "Centrum voor orthopedie en beweging", "naam": "Artrose Instituut Nederland, locatie Amersfoort", "url": "https://www.zorgkaartnederland.nl/zorginstelling/centrum-voor-orthopedie-en-beweging-artrose-instituut-nederland-locatie-amersfoort-amersfoort-10021684"},
{"organisatietype": "Centrum voor orthopedie en beweging", "naam": "Echozorg Purmerend", "url": "https://www.zorgkaartnederland.nl/zorginstelling/centrum-voor-orthopedie-en-beweging-echozorg-purmerend-purmerend-10083201"},
{"organisatietype": "Centrum voor orthopedie en beweging", "naam": "Artrose Instituut Nederland, locatie Maarssen", "url": "https://www.zorgkaartnederland.nl/zorginstelling/centrum-voor-orthopedie-en-beweging-artrose-instituut-nederland-locatie-maarssen-maarssen-10021685"},
{"organisatietype": "Centrum voor orthopedie en beweging", "naam": "GOED Medisch Centrum", "url": "https://www.zorgkaartnederland.nl/zorginstelling/centrum-voor-orthopedie-en-beweging-goed-medisch-centrum-breda-10013111"},
{"organisatietype": "Centrum voor orthopedie en beweging", "naam": "Rugpoli Amsterdam", "url": "https://www.zorgkaartnederland.nl/zorginstelling/centrum-voor-orthopedie-en-beweging-rugpoli-amsterdam-amsterdam-10084042"},
{"organisatietype": "Centrum voor orthopedie en beweging", "naam": "Bergman Clinics | Bewegen | Alkmaar", "url": "https://www.zorgkaartnederland.nl/zorginstelling/centrum-voor-orthopedie-en-beweging-bergman-clinics-bewegen-alkmaar-alkmaar-10026471"},
{"organisatietype": "Centrum voor orthopedie en beweging", "naam": "OrthoDirect", "url": "https://www.zorgkaartnederland.nl/zorginstelling/centrum-voor-orthopedie-en-beweging-orthodirect-amsterdam-10005758"},
{"organisatietype": "Centrum voor orthopedie en beweging", "naam": "Orthopedische kliniek Amphia", "url": "https://www.zorgkaartnederland.nl/zorginstelling/centrum-voor-orthopedie-en-beweging-orthopedische-kliniek-amphia-oosterhout-10002530"},
{"organisatietype": "Centrum voor orthopedie en beweging", "naam": "Team Frank Jol", "url": "https://www.zorgkaartnederland.nl/zorginstelling/centrum-voor-orthopedie-en-beweging-team-frank-jol-amsterdam-10023741"},
{"organisatietype": "Centrum voor orthopedie en beweging", "naam": "Bergman Clinics | Bewegen | Heerenveen", "url": "https://www.zorgkaartnederland.nl/zorginstelling/centrum-voor-orthopedie-en-beweging-bergman-clinics-bewegen-heerenveen-heerenveen-10009230"},
{"organisatietype": "Centrum voor orthopedie en beweging", "naam": "De Mobiliteitskliniek", "url": "https://www.zorgkaartnederland.nl/zorginstelling/centrum-voor-orthopedie-en-beweging-de-mobiliteitskliniek-zeist-3043942"},
{"organisatietype": "Centrum voor orthopedie en beweging", "naam": "Echozorg A'dam-Noord", "url": "https://www.zorgkaartnederland.nl/zorginstelling/centrum-voor-orthopedie-en-beweging-echozorg-a-dam-noord-amsterdam-10083204"},
{"organisatietype": "Centrum voor orthopedie en beweging", "naam": "Echozorg Haarlem", "url": "https://www.zorgkaartnederland.nl/zorginstelling/centrum-voor-orthopedie-en-beweging-echozorg-haarlem-haarlem-10083200"},
{"organisatietype": "Centrum voor orthopedie en beweging", "naam": "Echozorg Zaandam", "url": "https://www.zorgkaartnederland.nl/zorginstelling/centrum-voor-orthopedie-en-beweging-echozorg-zaandam-zaandam-10083202"},
{"organisatietype": "Centrum voor orthopedie en beweging", "naam": "Gloedt, fysiotherapie en leefstijlcoaching", "url": "https://www.zorgkaartnederland.nl/zorginstelling/centrum-voor-orthopedie-en-beweging-gloedt-fysiotherapie-en-leefstijlcoaching-broek-op-langedijk-10027863"},
{"organisatietype": "Centrum voor orthopedie en beweging", "naam": "Rijnland Orthopaedie - Behandelcentrum voor bot- en gewrichtaandoeningen, locatie Alphen aan den Rijn", "url": "https://www.zorgkaartnederland.nl/zorginstelling/centrum-voor-orthopedie-en-beweging-rijnland-orthopaedie-behandelcentrum-voor-bot-en-gewrichtaandoeningen-locatie-alphen-aan-den-rijn-alphen-aan-den-rijn-3061192"},
{"organisatietype": "Centrum voor orthopedie en beweging", "naam": "Rijnland Orthopaedie - Behandelcentrum voor bot- en gewrichtaandoeningen, locatie Leiderdorp", "url": "https://www.zorgkaartnederland.nl/zorginstelling/centrum-voor-orthopedie-en-beweging-rijnland-orthopaedie-behandelcentrum-voor-bot-en-gewrichtaandoeningen-locatie-leiderdorp-leiderdorp-3061191"},
{"organisatietype": "Dermatologisch centrum", "naam": "Ceulen Klinieken, locatie Breda", "url": "https://www.zorgkaartnederland.nl/zorginstelling/dermatologisch-centrum-ceulen-klinieken-locatie-breda-breda-3025059"},
{"organisatietype": "Dermatologisch centrum", "naam": "Bergman Clinics | Huid & Vaten", "url": "https://www.zorgkaartnederland.nl/zorginstelling/dermatologisch-centrum-bergman-clinics-huid-vaten-naarden-3055887"},
{"organisatietype": "Dermatologisch centrum", "naam": "Bergman Clinics | Huid & Vaten | Haarlem", "url": "https://www.zorgkaartnederland.nl/zorginstelling/dermatologisch-centrum-bergman-clinics-huid-vaten-haarlem-haarlem-3029469"},
{"organisatietype": "Dermatologisch centrum", "naam": "Bergman Clinics | Huid & Vaten | Hilversum", "url": "https://www.zorgkaartnederland.nl/zorginstelling/dermatologisch-centrum-bergman-clinics-huid-vaten-hilversum-hilversum-10009237"},
{"organisatietype": "Dermatologisch centrum", "naam": "Bergman Clinics | Huid & Vaten | Alkmaar", "url": "https://www.zorgkaartnederland.nl/zorginstelling/dermatologisch-centrum-bergman-clinics-huid-vaten-alkmaar-alkmaar-3034774"},
{"organisatietype": "Dermatologisch centrum", "naam": "Zorgpraktijk Avenue Carnisse voor Dermatologie en Plastische Chirurgie", "url": "https://www.zorgkaartnederland.nl/zorginstelling/dermatologisch-centrum-zorgpraktijk-avenue-carnisse-voor-dermatologie-en-plastische-chirurgie-barendrecht-3024894"},
{"organisatietype": "Dermatologisch centrum", "naam": "Mohs Klinieken", "url": "https://www.zorgkaartnederland.nl/zorginstelling/dermatologisch-centrum-mohs-klinieken-dordrecht-3057863"},
{"organisatietype": "Dermatologisch centrum", "naam": "Mauritskliniek Utrecht", "url": "https://www.zorgkaartnederland.nl/zorginstelling/dermatologisch-centrum-mauritskliniek-utrecht-utrecht-3019708"},
{"organisatietype": "Dermatologisch centrum", "naam": "Mauritskliniek", "url": "https://www.zorgkaartnederland.nl/zorginstelling/dermatologisch-centrum-mauritskliniek-den-haag-3060626"},
{"organisatietype": "Dermatologisch centrum", "naam": "Bergman Clinics | Huid & Vaten | Utrecht", "url": "https://www.zorgkaartnederland.nl/zorginstelling/dermatologisch-centrum-bergman-clinics-huid-vaten-utrecht-utrecht-10013211"},
{"organisatietype": "Dermatologisch centrum", "naam": "U-Clinic Amstelveen", "url": "https://www.zorgkaartnederland.nl/zorginstelling/dermatologisch-centrum-u-clinic-amstelveen-amstelveen-10021980"},
{"organisatietype": "Dermatologisch centrum", "naam": "U-Clinic Westerpark", "url": "https://www.zorgkaartnederland.nl/zorginstelling/dermatologisch-centrum-u-clinic-westerpark-amsterdam-126345"},
{"organisatietype": "Dermatologisch centrum", "naam": "Ceulen Klinieken, locatie Schiedam", "url": "https://www.zorgkaartnederland.nl/zorginstelling/dermatologisch-centrum-ceulen-klinieken-locatie-schiedam-schiedam-3034492"},
{"organisatietype": "Dermatologisch centrum", "naam": "Bergman Clinics | Huid & Vaten | Enschede", "url": "https://www.zorgkaartnederland.nl/zorginstelling/dermatologisch-centrum-bergman-clinics-huid-vaten-enschede-enschede-10004383"},
{"organisatietype": "Dermatologisch centrum", "naam": "Bergman Clinics | Huid & Vaten | Heerenveen", "url": "https://www.zorgkaartnederland.nl/zorginstelling/dermatologisch-centrum-bergman-clinics-huid-vaten-heerenveen-heerenveen-10009231"},
{"organisatietype": "Dermatologisch centrum", "naam": "Mauritskliniek Den Haag", "url": "https://www.zorgkaartnederland.nl/zorginstelling/dermatologisch-centrum-mauritskliniek-den-haag-den-haag-3019608"},
{"organisatietype": "Dermatologisch centrum", "naam": "Bergman Clinics | Huid & Vaten | Den Haag", "url": "https://www.zorgkaartnederland.nl/zorginstelling/dermatologisch-centrum-bergman-clinics-huid-vaten-den-haag-den-haag-10009229"},
{"organisatietype": "Dermatologisch centrum", "naam": "Bergman Clinics | Huid & Vaten | Amsterdam Nijenburg", "url": "https://www.zorgkaartnederland.nl/zorginstelling/dermatologisch-centrum-bergman-clinics-huid-vaten-amsterdam-nijenburg-amsterdam-10009232"},
{"organisatietype": "Dermatologisch centrum", "naam": "Dermex", "url": "https://www.zorgkaartnederland.nl/zorginstelling/dermatologisch-centrum-dermex-wijchen-10015918"},
{"organisatietype": "Dermatologisch centrum", "naam": "Bergman Clinics | Huid & Vaten | Eindhoven (voorheen MohsA Huidcentrum)", "url": "https://www.zorgkaartnederland.nl/zorginstelling/dermatologisch-centrum-bergman-clinics-huid-vaten-eindhoven-voorheen-mohsa-huidcentrum-eindhoven-10004204"},
{"organisatietype": "Esthetisch-medisch centrum", "naam": "ZGT Helon Huid- en Laserkliniek, locatie Hengelo", "url": "https://www.zorgkaartnederland.nl/zorginstelling/esthetisch-medisch-centrum-zgt-helon-huid-en-laserkliniek-locatie-hengelo-hengelo-3020252"},
{"organisatietype": "Esthetisch-medisch centrum", "naam": "Clinic Dokter Charlotte", "url": "https://www.zorgkaartnederland.nl/zorginstelling/esthetisch-medisch-centrum-clinic-dokter-charlotte-laren-10019829"},
{"organisatietype": "Esthetisch-medisch centrum", "naam": "Medisch Centrum Bloemendaal - plastische chirurgie en dermatologie", "url": "https://www.zorgkaartnederland.nl/zorginstelling/esthetisch-medisch-centrum-medisch-centrum-bloemendaal-plastische-chirurgie-en-dermatologie-bloemendaal-3058275"},
{"organisatietype": "Esthetisch-medisch centrum", "naam": "Skin+Surgery Clinics, locatie Den Haag", "url": "https://www.zorgkaartnederland.nl/zorginstelling/esthetisch-medisch-centrum-skin-surgery-clinics-locatie-den-haag-den-haag-10007354"},
{"organisatietype": "Esthetisch-medisch centrum", "naam": "Essential Aesthetics", "url": "https://www.zorgkaartnederland.nl/zorginstelling/esthetisch-medisch-centrum-essential-aesthetics-den-haag-3059539"},
{"organisatietype": "Esthetisch-medisch centrum", "naam": "V-Klinieken, Naarden", "url": "https://www.zorgkaartnederland.nl/zorginstelling/esthetisch-medisch-centrum-v-klinieken-naarden-naarden-10027868"},
{"organisatietype": "Esthetisch-medisch centrum", "naam": "Amstelzijde Kliniek", "url": "https://www.zorgkaartnederland.nl/zorginstelling/esthetisch-medisch-centrum-amstelzijde-kliniek-amstelveen-3032803"},
{"organisatietype": "Esthetisch-medisch centrum", "naam": "Centrum voor Esthetische Chirurgie Friesland", "url": "https://www.zorgkaartnederland.nl/zorginstelling/esthetisch-medisch-centrum-centrum-voor-esthetische-chirurgie-friesland-leeuwarden-3020086"},
{"organisatietype": "Esthetisch-medisch centrum", "naam": "Clinic 4 all", "url": "https://www.zorgkaartnederland.nl/zorginstelling/esthetisch-medisch-centrum-clinic-4-all-amstelveen-10007810"},
{"organisatietype": "Esthetisch-medisch centrum", "naam": "Dokter Brandt Cosmetische Kliniek", "url": "https://www.zorgkaartnederland.nl/zorginstelling/esthetisch-medisch-centrum-dokter-brandt-cosmetische-kliniek-amsterdam-10021140"},
{"organisatietype": "Esthetisch-medisch centrum", "naam": "MedCentric, locatie Terneuzen", "url": "https://www.zorgkaartnederland.nl/zorginstelling/esthetisch-medisch-centrum-medcentric-locatie-terneuzen-terneuzen-3051237"},
{"organisatietype": "Esthetisch-medisch centrum", "naam": "Arthur Ludlage, Cosmetische Kliniek", "url": "https://www.zorgkaartnederland.nl/zorginstelling/esthetisch-medisch-centrum-arthur-ludlage-cosmetische-kliniek-haarlem-10004886"},
{"organisatietype": "Esthetisch-medisch centrum", "naam": "Bey by Bergman Clinics, locatie Haarlem", "url": "https://www.zorgkaartnederland.nl/zorginstelling/esthetisch-medisch-centrum-bey-by-bergman-clinics-locatie-haarlem-haarlem-10009236"},
{"organisatietype": "Esthetisch-medisch centrum", "naam": "BTX Clinics", "url": "https://www.zorgkaartnederland.nl/zorginstelling/esthetisch-medisch-centrum-btx-clinics-zwolle-10027571"},
{"organisatietype": "Esthetisch-medisch centrum", "naam": "De Beaufort", "url": "https://www.zorgkaartnederland.nl/zorginstelling/esthetisch-medisch-centrum-de-beaufort-maastricht-10017915"},
{"organisatietype": "Esthetisch-medisch centrum", "naam": "De Beaufort, locatie Meerssen", "url": "https://www.zorgkaartnederland.nl/zorginstelling/esthetisch-medisch-centrum-de-beaufort-locatie-meerssen-meerssen-10007857"},
{"organisatietype": "Esthetisch-medisch centrum", "naam": "De Huidkliniek Den Haag", "url": "https://www.zorgkaartnederland.nl/zorginstelling/esthetisch-medisch-centrum-de-huidkliniek-den-haag-den-haag-10016176"},
{"organisatietype": "Esthetisch-medisch centrum", "naam": "Door Plastisch Chirurgen", "url": "https://www.zorgkaartnederland.nl/zorginstelling/esthetisch-medisch-centrum-door-plastisch-chirurgen-groningen-10005021"},
{"organisatietype": "Esthetisch-medisch centrum", "naam": "Dr. Kappel Instituut", "url": "https://www.zorgkaartnederland.nl/zorginstelling/esthetisch-medisch-centrum-dr-kappel-instituut-zwolle-3034209"},
{"organisatietype": "Esthetisch-medisch centrum", "naam": "Elan Clinics", "url": "https://www.zorgkaartnederland.nl/zorginstelling/esthetisch-medisch-centrum-elan-clinics-veghel-10015247"},
{"organisatietype": "Oogkliniek", "naam": "Bergman Clinics | Ogen | Hilversum", "url": "https://www.zorgkaartnederland.nl/zorginstelling/oogkliniek-bergman-clinics-ogen-hilversum-hilversum-3001282"},
{"organisatietype": "Oogkliniek", "naam": "Memira by Bergman Clinics", "url": "https://www.zorgkaartnederland.nl/zorginstelling/oogkliniek-memira-by-bergman-clinics-naarden-10016956"},
{"organisatietype": "Oogkliniek", "naam": "Memira by Bergman Clinics | Hilversum", "url": "https://www.zorgkaartnederland.nl/zorginstelling/oogkliniek-memira-by-bergman-clinics-hilversum-hilversum-3020676"},
{"organisatietype": "Oogkliniek", "naam": "Oog en Welzijn", "url": "https://www.zorgkaartnederland.nl/zorginstelling/oogkliniek-oog-en-welzijn-dokkum-10012894"},
{"organisatietype": "Oogkliniek", "naam": "Retina Operatiecentrum Amstelveen", "url": "https://www.zorgkaartnederland.nl/zorginstelling/oogkliniek-retina-operatiecentrum-amstelveen-amstelveen-10006522"},
{"organisatietype": "Oogkliniek", "naam": "Maashorst Oogkliniek", "url": "https://www.zorgkaartnederland.nl/zorginstelling/oogkliniek-maashorst-oogkliniek-oss-10018555"},
{"organisatietype": "Oogkliniek", "naam": "Eyescan Eindhoven", "url": "https://www.zorgkaartnederland.nl/zorginstelling/oogkliniek-eyescan-eindhoven-eindhoven-10027719"},
{"organisatietype": "Oogkliniek", "naam": "Retina Total Eye Care", "url": "https://www.zorgkaartnederland.nl/zorginstelling/oogkliniek-retina-total-eye-care-driebergen-rijsenburg-3020675"},
{"organisatietype": "Oogkliniek", "naam": "Oogcentrum Noordholland", "url": "https://www.zorgkaartnederland.nl/zorginstelling/oogkliniek-oogcentrum-noordholland-heerhugowaard-10007942"},
{"organisatietype": "Oogkliniek", "naam": "Oogcentrum Noordholland, locatie Heerhugowaard", "url": "https://www.zorgkaartnederland.nl/zorginstelling/oogkliniek-oogcentrum-noordholland-locatie-heerhugowaard-heerhugowaard-3034015"},
{"organisatietype": "Oogkliniek", "naam": "Bergman Clinics | Ogen | Ede", "url": "https://www.zorgkaartnederland.nl/zorginstelling/oogkliniek-bergman-clinics-ogen-ede-ede-3053296"},
{"organisatietype": "Oogkliniek", "naam": "Eyescan Emmen", "url": "https://www.zorgkaartnederland.nl/zorginstelling/oogkliniek-eyescan-emmen-emmen-3037196"},
{"organisatietype": "Oogkliniek", "naam": "Bergman Clinics | Ogen | Zaandam", "url": "https://www.zorgkaartnederland.nl/zorginstelling/oogkliniek-bergman-clinics-ogen-zaandam-zaandam-3053039"},
{"organisatietype": "Oogkliniek", "naam": "VISUS Oogkliniek", "url": "https://www.zorgkaartnederland.nl/zorginstelling/oogkliniek-visus-oogkliniek-amsterdam-10084057"},
{"organisatietype": "Oogkliniek", "naam": "VISUS Oogkliniek | Rotterdam", "url": "https://www.zorgkaartnederland.nl/zorginstelling/oogkliniek-visus-oogkliniek-rotterdam-rotterdam-3027074"},
{"organisatietype": "Oogkliniek", "naam": "Oog en Welzijn, locatie Grou", "url": "https://www.zorgkaartnederland.nl/zorginstelling/oogkliniek-oog-en-welzijn-locatie-grou-grou-10000825"},
{"organisatietype": "Oogkliniek", "naam": "Bergman Clinics | Ogen | Emmeloord", "url": "https://www.zorgkaartnederland.nl/zorginstelling/oogkliniek-bergman-clinics-ogen-emmeloord-emmeloord-3033375"},
{"organisatietype": "Oogkliniek", "naam": "Iris Eye Clinics", "url": "https://www.zorgkaartnederland.nl/zorginstelling/oogkliniek-iris-eye-clinics-boxtel-3020116"},
{"organisatietype": "Oogkliniek", "naam": "Bergman Clinics | Ogen | Amsterdam", "url": "https://www.zorgkaartnederland.nl/zorginstelling/oogkliniek-bergman-clinics-ogen-amsterdam-amsterdam-3048469"},
{"organisatietype": "Oogkliniek", "naam": "Bergman Clinics | Ogen | Rijswijk", "url": "https://www.zorgkaartnederland.nl/zorginstelling/oogkliniek-bergman-clinics-ogen-rijswijk-rijswijk-10026995"},
{"organisatietype": "Overige kliniek", "naam": "SK Specialistische Kliniek", "url": "https://www.zorgkaartnederland.nl/zorginstelling/overige-kliniek-sk-specialistische-kliniek-mill-10018039"},
{"organisatietype": "Overige kliniek", "naam": "De Kinderzorg Kliniek", "url": "https://www.zorgkaartnederland.nl/zorginstelling/overige-kliniek-de-kinderzorg-kliniek-rotterdam-10023153"},
{"organisatietype": "Overige kliniek", "naam": "The Migraine Clinic", "url": "https://www.zorgkaartnederland.nl/zorginstelling/overige-kliniek-the-migraine-clinic-amsterdam-10026576"},
{"organisatietype": "Overige kliniek", "naam": "Echoplus", "url": "https://www.zorgkaartnederland.nl/zorginstelling/overige-kliniek-echoplus-beuningen-10018700"},
{"organisatietype": "Overige kliniek", "naam": "Gynaecologisch Centrum Alkmaar", "url": "https://www.zorgkaartnederland.nl/zorginstelling/overige-kliniek-gynaecologisch-centrum-alkmaar-alkmaar-3038870"},
{"organisatietype": "Overige kliniek", "naam": "Stichting Proctos Klinieken", "url": "https://www.zorgkaartnederland.nl/zorginstelling/overige-kliniek-stichting-proctos-klinieken-bilthoven-10019128"},
{"organisatietype": "Overige kliniek", "naam": "Eurocept Clinics, focusklinieken voor wondgenezing en hyperbare geneeskunde", "url": "https://www.zorgkaartnederland.nl/zorginstelling/overige-kliniek-eurocept-clinics-focusklinieken-voor-wondgenezing-en-hyperbare-geneeskunde-geldrop-10006391"},
{"organisatietype": "Overige kliniek", "naam": "PoliDirect Tilburg", "url": "https://www.zorgkaartnederland.nl/zorginstelling/overige-kliniek-polidirect-tilburg-tilburg-3047956"},
{"organisatietype": "Overige kliniek", "naam": "Sionsberg Netwerk Ziekenhuis", "url": "https://www.zorgkaartnederland.nl/zorginstelling/overige-kliniek-sionsberg-netwerk-ziekenhuis-dokkum-113469"},
{"organisatietype": "Overige kliniek", "naam": "Proctos Kliniek, locatie Bilthoven", "url": "https://www.zorgkaartnederland.nl/zorginstelling/overige-kliniek-proctos-kliniek-locatie-bilthoven-bilthoven-3035503"},
{"organisatietype": "Overige kliniek", "naam": "Xpert Clinics, locatie Rozendaal", "url": "https://www.zorgkaartnederland.nl/zorginstelling/overige-kliniek-xpert-clinics-locatie-rozendaal-rozendaal-10000198"},
{"organisatietype": "Overige kliniek", "naam": "PoliDirect Amsterdam IJburg 955", "url": "https://www.zorgkaartnederland.nl/zorginstelling/overige-kliniek-polidirect-amsterdam-ijburg-955-amsterdam-3050826"},
{"organisatietype": "Overige kliniek", "naam": "MKA Kennemer & Meer", "url": "https://www.zorgkaartnederland.nl/zorginstelling/overige-kliniek-mka-kennemer-meer-haarlem-10014201"},
{"organisatietype": "Overige kliniek", "naam": "Proctos Kliniek, locatie Amsterdam", "url": "https://www.zorgkaartnederland.nl/zorginstelling/overige-kliniek-proctos-kliniek-locatie-amsterdam-amsterdam-10019129"},
{"organisatietype": "Overige kliniek", "naam": "Xpert Clinics, locatie Hilversum, Marathon 6", "url": "https://www.zorgkaartnederland.nl/zorginstelling/overige-kliniek-xpert-clinics-locatie-hilversum-marathon-6-hilversum-3036276"},
{"organisatietype": "Overige kliniek", "naam": "Borstkliniek Franciscus", "url": "https://www.zorgkaartnederland.nl/zorginstelling/overige-kliniek-borstkliniek-franciscus-schiedam-10025350"},
{"organisatietype": "Overige kliniek", "naam": "Medisch Centrum Jan van Goyen", "url": "https://www.zorgkaartnederland.nl/zorginstelling/overige-kliniek-medisch-centrum-jan-van-goyen-amsterdam-3060629"},
{"organisatietype": "Overige kliniek", "naam": "KNO Medisch Centrum - Waardenburg", "url": "https://www.zorgkaartnederland.nl/zorginstelling/overige-kliniek-kno-medisch-centrum-waardenburg-waardenburg-10017659"},
{"organisatietype": "Overige kliniek", "naam": "Xpert Clinics, locatie Den Haag", "url": "https://www.zorgkaartnederland.nl/zorginstelling/overige-kliniek-xpert-clinics-locatie-den-haag-den-haag-3060983"},
{"organisatietype": "Overige kliniek", "naam": "Xpert Clinics, locatie Almere, Bartokweg", "url": "https://www.zorgkaartnederland.nl/zorginstelling/overige-kliniek-xpert-clinics-locatie-almere-bartokweg-almere-3058481"},
{"organisatietype": "Sportmedisch centrum", "naam": "Sportmedische Centra Plemper", "url": "https://www.zorgkaartnederland.nl/zorginstelling/sportmedisch-centrum-sportmedische-centra-plemper-amstelveen-10009303"},
{"organisatietype": "Sportmedisch centrum", "naam": "Sportmedische Centra Plemper, locatie Purmerend", "url": "https://www.zorgkaartnederland.nl/zorginstelling/sportmedisch-centrum-sportmedische-centra-plemper-locatie-purmerend-purmerend-10009313"},
{"organisatietype": "Sportmedisch centrum", "naam": "SMA Zuid Limburg", "url": "https://www.zorgkaartnederland.nl/zorginstelling/sportmedisch-centrum-sma-zuid-limburg-maastricht-219786"},
{"organisatietype": "Sportmedisch centrum", "naam": "Praktijk Orthomanuele Geneeskunde en Sportgeneeskunde", "url": "https://www.zorgkaartnederland.nl/zorginstelling/sportmedisch-centrum-praktijk-orthomanuele-geneeskunde-en-sportgeneeskunde-noordwijk-130848"},
{"organisatietype": "Sportmedisch centrum", "naam": "Ancora Health Eindhoven", "url": "https://www.zorgkaartnederland.nl/zorginstelling/sportmedisch-centrum-ancora-health-eindhoven-eindhoven-10022884"},
{"organisatietype": "Sportmedisch centrum", "naam": "De Beweegspecialist Sportartsen", "url": "https://www.zorgkaartnederland.nl/zorginstelling/sportmedisch-centrum-de-beweegspecialist-sportartsen-amsterdam-10081583"},
{"organisatietype": "Sportmedisch centrum", "naam": "De Sportartsen Groep, locatie Amsterdam", "url": "https://www.zorgkaartnederland.nl/zorginstelling/sportmedisch-centrum-de-sportartsen-groep-locatie-amsterdam-amsterdam-101792"},
{"organisatietype": "Sportmedisch centrum", "naam": "DeSportarts Utrecht", "url": "https://www.zorgkaartnederland.nl/zorginstelling/sportmedisch-centrum-desportarts-utrecht-utrecht-10008088"},
{"organisatietype": "Sportmedisch centrum", "naam": "Happyfit4u", "url": "https://www.zorgkaartnederland.nl/zorginstelling/sportmedisch-centrum-happyfit4u-woerden-10026163"},
{"organisatietype": "Sportmedisch centrum", "naam": "Martini Sportmedisch Centrum", "url": "https://www.zorgkaartnederland.nl/zorginstelling/sportmedisch-centrum-martini-sportmedisch-centrum-groningen-10000775"},
{"organisatietype": "Sportmedisch centrum", "naam": "My Medical Centre, locatie ROC Veiligheid en Defensie", "url": "https://www.zorgkaartnederland.nl/zorginstelling/sportmedisch-centrum-my-medical-centre-locatie-roc-veiligheid-en-defensie-nieuwegein-10010018"},
{"organisatietype": "Sportmedisch centrum", "naam": "Runnersworld Rotterdam", "url": "https://www.zorgkaartnederland.nl/zorginstelling/sportmedisch-centrum-runnersworld-rotterdam-rotterdam-10081949"},
{"organisatietype": "Sportmedisch centrum", "naam": "SMA Olympia", "url": "https://www.zorgkaartnederland.nl/zorginstelling/sportmedisch-centrum-sma-olympia-amsterdam-3029083"},
{"organisatietype": "Sportmedisch centrum", "naam": "SMA, Sportmedisch Adviescentrum Den Haag", "url": "https://www.zorgkaartnederland.nl/zorginstelling/sportmedisch-centrum-sma-sportmedisch-adviescentrum-den-haag-den-haag-102273"},
{"organisatietype": "Sportmedisch centrum", "naam": "SMC Aalsmeer", "url": "https://www.zorgkaartnederland.nl/zorginstelling/sportmedisch-centrum-smc-aalsmeer-aalsmeer-10027095"},
{"organisatietype": "Sportmedisch centrum", "naam": "Sportarts Rijnstate SMC Papendal", "url": "https://www.zorgkaartnederland.nl/zorginstelling/sportmedisch-centrum-sportarts-rijnstate-smc-papendal-arnhem-3029022"},
{"organisatietype": "Sportmedisch centrum", "naam": "Sportcentrum Toptraining JSC", "url": "https://www.zorgkaartnederland.nl/zorginstelling/sportmedisch-centrum-sportcentrum-toptraining-jsc-volendam-10006164"},
{"organisatietype": "Sportmedisch centrum", "naam": "Sportgeneeskunde Drenthe", "url": "https://www.zorgkaartnederland.nl/zorginstelling/sportmedisch-centrum-sportgeneeskunde-drenthe-meppel-3047783"},
{"organisatietype": "Sportmedisch centrum", "naam": "Sportgeneeskunde Friesland", "url": "https://www.zorgkaartnederland.nl/zorginstelling/sportmedisch-centrum-sportgeneeskunde-friesland-heerenveen-10001634"},
{"organisatietype": "Sportmedisch centrum", "naam": "Sportgeneeskunde Friesland, locatie Drachten", "url": "https://www.zorgkaartnederland.nl/zorginstelling/sportmedisch-centrum-sportgeneeskunde-friesland-locatie-drachten-drachten-103891"},
{"organisatietype": "Ziekenhuis", "naam": "Wilhelmina Ziekenhuis Assen (WZA)", "url": "https://www.zorgkaartnederland.nl/zorginstelling/ziekenhuis-wilhelmina-ziekenhuis-assen-wza-assen-113596"},
{"organisatietype": "Ziekenhuis", "naam": "SJG Weert", "url": "https://www.zorgkaartnederland.nl/zorginstelling/ziekenhuis-sjg-weert-weert-10017959"},
{"organisatietype": "Ziekenhuis", "naam": "SJG Weert - St. Jans Gasthuis Weert", "url": "https://www.zorgkaartnederland.nl/zorginstelling/ziekenhuis-sjg-weert-st-jans-gasthuis-weert-weert-112456"},
{"organisatietype": "Ziekenhuis", "naam": "Sint Maartenskliniek", "url": "https://www.zorgkaartnederland.nl/zorginstelling/ziekenhuis-sint-maartenskliniek-nijmegen-3061694"},
{"organisatietype": "Ziekenhuis", "naam": "Maasziekenhuis Pantein", "url": "https://www.zorgkaartnederland.nl/zorginstelling/ziekenhuis-maasziekenhuis-pantein-beugen-110880"},
{"organisatietype": "Ziekenhuis", "naam": "Sint Maartenskliniek Nijmegen", "url": "https://www.zorgkaartnederland.nl/zorginstelling/ziekenhuis-sint-maartenskliniek-nijmegen-ubbergen-9836"},
{"organisatietype": "Ziekenhuis", "naam": "HagaZiekenhuis, Zoetermeer", "url": "https://www.zorgkaartnederland.nl/zorginstelling/ziekenhuis-hagaziekenhuis-zoetermeer-zoetermeer-110503"},
{"organisatietype": "Ziekenhuis", "naam": "ZGT Hengelo", "url": "https://www.zorgkaartnederland.nl/zorginstelling/ziekenhuis-zgt-hengelo-hengelo-113013"},
{"organisatietype": "Ziekenhuis", "naam": "Beatrixziekenhuis, locatie Gorinchem", "url": "https://www.zorgkaartnederland.nl/zorginstelling/ziekenhuis-beatrixziekenhuis-locatie-gorinchem-gorinchem-205008"},
{"organisatietype": "Ziekenhuis", "naam": "Tergooi MC", "url": "https://www.zorgkaartnederland.nl/zorginstelling/ziekenhuis-tergooi-mc-hilversum-3023397"},
{"organisatietype": "Ziekenhuis", "naam": "Tergooi MC, locatie Hilversum", "url": "https://www.zorgkaartnederland.nl/zorginstelling/ziekenhuis-tergooi-mc-locatie-hilversum-hilversum-205007"},
{"organisatietype": "Ziekenhuis", "naam": "Saxenburgh Medisch Centrum", "url": "https://www.zorgkaartnederland.nl/zorginstelling/ziekenhuis-saxenburgh-medisch-centrum-hardenberg-3063646"},
{"organisatietype": "Ziekenhuis", "naam": "Saxenburgh Medisch Centrum, hoofdlocatie", "url": "https://www.zorgkaartnederland.nl/zorginstelling/ziekenhuis-saxenburgh-medisch-centrum-hoofdlocatie-hardenberg-113259"},
{"organisatietype": "Ziekenhuis", "naam": "Treant, Ziekenhuislocatie Refaja", "url": "https://www.zorgkaartnederland.nl/zorginstelling/ziekenhuis-treant-ziekenhuislocatie-refaja-stadskanaal-113622"},
{"organisatietype": "Ziekenhuis", "naam": "Medisch Spectrum Twente (MST)", "url": "https://www.zorgkaartnederland.nl/zorginstelling/ziekenhuis-medisch-spectrum-twente-mst-enschede-109454"},
{"organisatietype": "Ziekenhuis", "naam": "Medisch Spectrum Twente (MST), locatie Enschede", "url": "https://www.zorgkaartnederland.nl/zorginstelling/ziekenhuis-medisch-spectrum-twente-mst-locatie-enschede-enschede-243778"},
{"organisatietype": "Ziekenhuis", "naam": "ZorgSaam Ziekenhuis", "url": "https://www.zorgkaartnederland.nl/zorginstelling/ziekenhuis-zorgsaam-ziekenhuis-terneuzen-251735"},
{"organisatietype": "Ziekenhuis", "naam": "HagaZiekenhuis", "url": "https://www.zorgkaartnederland.nl/zorginstelling/ziekenhuis-hagaziekenhuis-den-haag-251812"},
{"organisatietype": "Ziekenhuis", "naam": "Frisius MC", "url": "https://www.zorgkaartnederland.nl/zorginstelling/ziekenhuis-frisius-mc-leeuwarden-10084773"},
{"organisatietype": "Ziekenhuis", "naam": "Máxima MC", "url": "https://www.zorgkaartnederland.nl/zorginstelling/ziekenhuis-maxima-mc-eindhoven-251756"}
]